Location,Location ID,state,Party
Autauga County,AL-001,AL,1
Baldwin County,AL-003,AL,1
Barbour County,AL-005,AL,1
Bibb County,AL-007,AL,1
Blount County,AL-009,AL,1
Bullock County,AL-011,AL,1
Butler County,AL-013,AL,1
Calhoun County,AL-015,AL,1
Chambers County,AL-017,AL,1
Cherokee County,AL-019,AL,1
Chilton County,AL-021,AL,1
Choctaw County,AL-023,AL,1
Clarke County,AL-025,AL,1
Clay County,AL-027,AL,1
Cleburne County,AL-029,AL,1
Coffee County,AL-031,AL,1
Colbert County,AL-033,AL,1
Conecuh County,AL-035,AL,1
Coosa County,AL-037,AL,1
Covington County,AL-039,AL,1
Crenshaw County,AL-041,AL,1
Cullman County,AL-043,AL,1
Dale County,AL-045,AL,1
Dallas County,AL-047,AL,1
DeKalb County,AL-049,AL,1
Elmore County,AL-051,AL,1
Escambia County,AL-053,AL,1
Etowah County,AL-055,AL,1
Fayette County,AL-057,AL,1
Franklin County,AL-059,AL,1
Geneva County,AL-061,AL,1
Greene County,AL-063,AL,1
Hale County,AL-065,AL,1
Henry County,AL-067,AL,1
Houston County,AL-069,AL,1
Jackson County,AL-071,AL,1
Jefferson County,AL-073,AL,1
Lamar County,AL-075,AL,1
Lauderdale County,AL-077,AL,1
Lawrence County,AL-079,AL,1
Lee County,AL-081,AL,1
Limestone County,AL-083,AL,1
Lowndes County,AL-085,AL,1
Macon County,AL-087,AL,1
Madison County,AL-089,AL,1
Marengo County,AL-091,AL,1
Marion County,AL-093,AL,1
Marshall County,AL-095,AL,1
Mobile County,AL-097,AL,1
Monroe County,AL-099,AL,1
Montgomery County,AL-101,AL,1
Morgan County,AL-103,AL,1
Perry County,AL-105,AL,1
Pickens County,AL-107,AL,1
Pike County,AL-109,AL,1
Randolph County,AL-111,AL,1
Russell County,AL-113,AL,1
Shelby County,AL-117,AL,1
St. Clair County,AL-115,AL,1
Sumter County,AL-119,AL,1
Talladega County,AL-121,AL,1
Tallapoosa County,AL-123,AL,1
Tuscaloosa County,AL-125,AL,1
Walker County,AL-127,AL,1
Washington County,AL-129,AL,1
Wilcox County,AL-131,AL,1
Winston County,AL-133,AL,1
Apache County,AZ-001,AZ,1
Cochise County,AZ-003,AZ,1
Coconino County,AZ-005,AZ,1
Gila County,AZ-007,AZ,1
Graham County,AZ-009,AZ,1
Greenlee County,AZ-011,AZ,1
La Paz County,AZ-012,AZ,1
Maricopa County,AZ-013,AZ,1
Mohave County,AZ-015,AZ,1
Navajo County,AZ-017,AZ,1
Pima County,AZ-019,AZ,1
Pinal County,AZ-021,AZ,1
Santa Cruz County,AZ-023,AZ,1
Yavapai County,AZ-025,AZ,1
Yuma County,AZ-027,AZ,1
Arkansas County,AR-001,AR,1
Ashley County,AR-003,AR,1
Baxter County,AR-005,AR,1
Benton County,AR-007,AR,1
Boone County,AR-009,AR,1
Bradley County,AR-011,AR,1
Calhoun County,AR-013,AR,1
Carroll County,AR-015,AR,1
Chicot County,AR-017,AR,1
Clark County,AR-019,AR,1
Clay County,AR-021,AR,1
Cleburne County,AR-023,AR,1
Cleveland County,AR-025,AR,1
Columbia County,AR-027,AR,1
Conway County,AR-029,AR,1
Craighead County,AR-031,AR,1
Crawford County,AR-033,AR,1
Crittenden County,AR-035,AR,1
Cross County,AR-037,AR,1
Dallas County,AR-039,AR,1
Desha County,AR-041,AR,1
Drew County,AR-043,AR,1
Faulkner County,AR-045,AR,1
Franklin County,AR-047,AR,1
Fulton County,AR-049,AR,1
Garland County,AR-051,AR,1
Grant County,AR-053,AR,1
Greene County,AR-055,AR,1
Hempstead County,AR-057,AR,1
Hot Spring County,AR-059,AR,1
Howard County,AR-061,AR,1
Independence County,AR-063,AR,1
Izard County,AR-065,AR,1
Jackson County,AR-067,AR,1
Jefferson County,AR-069,AR,1
Johnson County,AR-071,AR,1
Lafayette County,AR-073,AR,1
Lawrence County,AR-075,AR,1
Lee County,AR-077,AR,1
Lincoln County,AR-079,AR,1
Little River County,AR-081,AR,1
Logan County,AR-083,AR,1
Lonoke County,AR-085,AR,1
Madison County,AR-087,AR,1
Marion County,AR-089,AR,1
Miller County,AR-091,AR,1
Mississippi County,AR-093,AR,1
Monroe County,AR-095,AR,1
Montgomery County,AR-097,AR,1
Nevada County,AR-099,AR,1
Newton County,AR-101,AR,1
Ouachita County,AR-103,AR,1
Perry County,AR-105,AR,1
Phillips County,AR-107,AR,1
Pike County,AR-109,AR,1
Poinsett County,AR-111,AR,1
Polk County,AR-113,AR,1
Pope County,AR-115,AR,1
Prairie County,AR-117,AR,1
Pulaski County,AR-119,AR,1
Randolph County,AR-121,AR,1
Saline County,AR-125,AR,1
Scott County,AR-127,AR,1
Searcy County,AR-129,AR,1
Sebastian County,AR-131,AR,1
Sevier County,AR-133,AR,1
Sharp County,AR-135,AR,1
St. Francis County,AR-123,AR,1
Stone County,AR-137,AR,1
Union County,AR-139,AR,1
Van Buren County,AR-141,AR,1
Washington County,AR-143,AR,1
White County,AR-145,AR,1
Woodruff County,AR-147,AR,1
Yell County,AR-149,AR,1
Alameda County,CA-001,CA,0
Alpine County,CA-003,CA,0
Amador County,CA-005,CA,0
Butte County,CA-007,CA,0
Calaveras County,CA-009,CA,0
Colusa County,CA-011,CA,0
Contra Costa County,CA-013,CA,0
Del Norte County,CA-015,CA,0
El Dorado County,CA-017,CA,0
Fresno County,CA-019,CA,0
Glenn County,CA-021,CA,0
Humboldt County,CA-023,CA,0
Imperial County,CA-025,CA,0
Inyo County,CA-027,CA,0
Kern County,CA-029,CA,0
Kings County,CA-031,CA,0
Lake County,CA-033,CA,0
Lassen County,CA-035,CA,0
Los Angeles County,CA-037,CA,0
Madera County,CA-039,CA,0
Marin County,CA-041,CA,0
Mariposa County,CA-043,CA,0
Mendocino County,CA-045,CA,0
Merced County,CA-047,CA,0
Modoc County,CA-049,CA,0
Mono County,CA-051,CA,0
Monterey County,CA-053,CA,0
Napa County,CA-055,CA,0
Nevada County,CA-057,CA,0
Orange County,CA-059,CA,0
Placer County,CA-061,CA,0
Plumas County,CA-063,CA,0
Riverside County,CA-065,CA,0
Sacramento County,CA-067,CA,0
San Benito County,CA-069,CA,0
San Bernardino County,CA-071,CA,0
San Diego County,CA-073,CA,0
San Francisco County,CA-075,CA,0
San Joaquin County,CA-077,CA,0
San Luis Obispo County,CA-079,CA,0
San Mateo County,CA-081,CA,0
Santa Barbara County,CA-083,CA,0
Santa Clara County,CA-085,CA,0
Santa Cruz County,CA-087,CA,0
Shasta County,CA-089,CA,0
Sierra County,CA-091,CA,0
Siskiyou County,CA-093,CA,0
Solano County,CA-095,CA,0
Sonoma County,CA-097,CA,0
Stanislaus County,CA-099,CA,0
Sutter County,CA-101,CA,0
Tehama County,CA-103,CA,0
Trinity County,CA-105,CA,0
Tulare County,CA-107,CA,0
Tuolumne County,CA-109,CA,0
Ventura County,CA-111,CA,0
Yolo County,CA-113,CA,0
Yuba County,CA-115,CA,0
Adams County,CO-001,CO,0
Alamosa County,CO-003,CO,0
Arapahoe County,CO-005,CO,0
Archuleta County,CO-007,CO,0
Baca County,CO-009,CO,0
Bent County,CO-011,CO,0
Boulder County,CO-013,CO,0
Broomfield County,CO-014,CO,0
Chaffee County,CO-015,CO,0
Cheyenne County,CO-017,CO,0
Clear Creek County,CO-019,CO,0
Conejos County,CO-021,CO,0
Costilla County,CO-023,CO,0
Crowley County,CO-025,CO,0
Custer County,CO-027,CO,0
Delta County,CO-029,CO,0
Denver County,CO-031,CO,0
Dolores County,CO-033,CO,0
Douglas County,CO-035,CO,0
Eagle County,CO-037,CO,0
El Paso County,CO-041,CO,0
Elbert County,CO-039,CO,0
Fremont County,CO-043,CO,0
Garfield County,CO-045,CO,0
Gilpin County,CO-047,CO,0
Grand County,CO-049,CO,0
Gunnison County,CO-051,CO,0
Hinsdale County,CO-053,CO,0
Huerfano County,CO-055,CO,0
Jackson County,CO-057,CO,0
Jefferson County,CO-059,CO,0
Kiowa County,CO-061,CO,0
Kit Carson County,CO-063,CO,0
La Plata County,CO-067,CO,0
Lake County,CO-065,CO,0
Larimer County,CO-069,CO,0
Las Animas County,CO-071,CO,0
Lincoln County,CO-073,CO,0
Logan County,CO-075,CO,0
Mesa County,CO-077,CO,0
Mineral County,CO-079,CO,0
Moffat County,CO-081,CO,0
Montezuma County,CO-083,CO,0
Montrose County,CO-085,CO,0
Morgan County,CO-087,CO,0
Otero County,CO-089,CO,0
Ouray County,CO-091,CO,0
Park County,CO-093,CO,0
Phillips County,CO-095,CO,0
Pitkin County,CO-097,CO,0
Prowers County,CO-099,CO,0
Pueblo County,CO-101,CO,0
Rio Blanco County,CO-103,CO,0
Rio Grande County,CO-105,CO,0
Routt County,CO-107,CO,0
Saguache County,CO-109,CO,0
San Juan County,CO-111,CO,0
San Miguel County,CO-113,CO,0
Sedgwick County,CO-115,CO,0
Summit County,CO-117,CO,0
Teller County,CO-119,CO,0
Washington County,CO-121,CO,0
Weld County,CO-123,CO,0
Yuma County,CO-125,CO,0
Fairfield County,CT-001,CT,0
Hartford County,CT-003,CT,0
Litchfield County,CT-005,CT,0
Middlesex County,CT-007,CT,0
New Haven County,CT-009,CT,0
New London County,CT-011,CT,0
Tolland County,CT-013,CT,0
Windham County,CT-015,CT,0
Kent County,DE-001,DE,0
New Castle County,DE-003,DE,0
Sussex County,DE-005,DE,0
Alachua County,FL-001,FL,1
Baker County,FL-003,FL,1
Bay County,FL-005,FL,1
Bradford County,FL-007,FL,1
Brevard County,FL-009,FL,1
Broward County,FL-011,FL,1
Calhoun County,FL-013,FL,1
Charlotte County,FL-015,FL,1
Citrus County,FL-017,FL,1
Clay County,FL-019,FL,1
Collier County,FL-021,FL,1
Columbia County,FL-023,FL,1
DeSoto County,FL-027,FL,1
Dixie County,FL-029,FL,1
Duval County,FL-031,FL,1
Escambia County,FL-033,FL,1
Flagler County,FL-035,FL,1
Franklin County,FL-037,FL,1
Gadsden County,FL-039,FL,1
Gilchrist County,FL-041,FL,1
Glades County,FL-043,FL,1
Gulf County,FL-045,FL,1
Hamilton County,FL-047,FL,1
Hardee County,FL-049,FL,1
Hendry County,FL-051,FL,1
Hernando County,FL-053,FL,1
Highlands County,FL-055,FL,1
Hillsborough County,FL-057,FL,1
Holmes County,FL-059,FL,1
Indian River County,FL-061,FL,1
Jackson County,FL-063,FL,1
Jefferson County,FL-065,FL,1
Lafayette County,FL-067,FL,1
Lake County,FL-069,FL,1
Lee County,FL-071,FL,1
Leon County,FL-073,FL,1
Levy County,FL-075,FL,1
Liberty County,FL-077,FL,1
Madison County,FL-079,FL,1
Manatee County,FL-081,FL,1
Marion County,FL-083,FL,1
Martin County,FL-085,FL,1
Miami-Dade County,FL-086,FL,1
Monroe County,FL-087,FL,1
Nassau County,FL-089,FL,1
Okaloosa County,FL-091,FL,1
Okeechobee County,FL-093,FL,1
Orange County,FL-095,FL,1
Osceola County,FL-097,FL,1
Palm Beach County,FL-099,FL,1
Pasco County,FL-101,FL,1
Pinellas County,FL-103,FL,1
Polk County,FL-105,FL,1
Putnam County,FL-107,FL,1
Santa Rosa County,FL-113,FL,1
Sarasota County,FL-115,FL,1
Seminole County,FL-117,FL,1
St. Johns County,FL-109,FL,1
St. Lucie County,FL-111,FL,1
Sumter County,FL-119,FL,1
Suwannee County,FL-121,FL,1
Taylor County,FL-123,FL,1
Union County,FL-125,FL,1
Volusia County,FL-127,FL,1
Wakulla County,FL-129,FL,1
Walton County,FL-131,FL,1
Washington County,FL-133,FL,1
Appling County,GA-001,GA,1
Atkinson County,GA-003,GA,1
Bacon County,GA-005,GA,1
Baker County,GA-007,GA,1
Baldwin County,GA-009,GA,1
Banks County,GA-011,GA,1
Barrow County,GA-013,GA,1
Bartow County,GA-015,GA,1
Ben Hill County,GA-017,GA,1
Berrien County,GA-019,GA,1
Bibb County,GA-021,GA,1
Bleckley County,GA-023,GA,1
Brantley County,GA-025,GA,1
Brooks County,GA-027,GA,1
Bryan County,GA-029,GA,1
Bulloch County,GA-031,GA,1
Burke County,GA-033,GA,1
Butts County,GA-035,GA,1
Calhoun County,GA-037,GA,1
Camden County,GA-039,GA,1
Candler County,GA-043,GA,1
Carroll County,GA-045,GA,1
Catoosa County,GA-047,GA,1
Charlton County,GA-049,GA,1
Chatham County,GA-051,GA,1
Chattahoochee County,GA-053,GA,1
Chattooga County,GA-055,GA,1
Cherokee County,GA-057,GA,1
Clarke County,GA-059,GA,1
Clay County,GA-061,GA,1
Clayton County,GA-063,GA,1
Clinch County,GA-065,GA,1
Cobb County,GA-067,GA,1
Coffee County,GA-069,GA,1
Colquitt County,GA-071,GA,1
Columbia County,GA-073,GA,1
Cook County,GA-075,GA,1
Coweta County,GA-077,GA,1
Crawford County,GA-079,GA,1
Crisp County,GA-081,GA,1
Dade County,GA-083,GA,1
Dawson County,GA-085,GA,1
DeKalb County,GA-089,GA,1
Decatur County,GA-087,GA,1
Dodge County,GA-091,GA,1
Dooly County,GA-093,GA,1
Dougherty County,GA-095,GA,1
Douglas County,GA-097,GA,1
Early County,GA-099,GA,1
Echols County,GA-101,GA,1
Effingham County,GA-103,GA,1
Elbert County,GA-105,GA,1
Emanuel County,GA-107,GA,1
Evans County,GA-109,GA,1
Fannin County,GA-111,GA,1
Fayette County,GA-113,GA,1
Floyd County,GA-115,GA,1
Forsyth County,GA-117,GA,1
Franklin County,GA-119,GA,1
Fulton County,GA-121,GA,1
Gilmer County,GA-123,GA,1
Glascock County,GA-125,GA,1
Glynn County,GA-127,GA,1
Gordon County,GA-129,GA,1
Grady County,GA-131,GA,1
Greene County,GA-133,GA,1
Gwinnett County,GA-135,GA,1
Habersham County,GA-137,GA,1
Hall County,GA-139,GA,1
Hancock County,GA-141,GA,1
Haralson County,GA-143,GA,1
Harris County,GA-145,GA,1
Hart County,GA-147,GA,1
Heard County,GA-149,GA,1
Henry County,GA-151,GA,1
Houston County,GA-153,GA,1
Irwin County,GA-155,GA,1
Jackson County,GA-157,GA,1
Jasper County,GA-159,GA,1
Jeff Davis County,GA-161,GA,1
Jefferson County,GA-163,GA,1
Jenkins County,GA-165,GA,1
Johnson County,GA-167,GA,1
Jones County,GA-169,GA,1
Lamar County,GA-171,GA,1
Lanier County,GA-173,GA,1
Laurens County,GA-175,GA,1
Lee County,GA-177,GA,1
Liberty County,GA-179,GA,1
Lincoln County,GA-181,GA,1
Long County,GA-183,GA,1
Lowndes County,GA-185,GA,1
Lumpkin County,GA-187,GA,1
Macon County,GA-193,GA,1
Madison County,GA-195,GA,1
Marion County,GA-197,GA,1
McDuffie County,GA-189,GA,1
McIntosh County,GA-191,GA,1
Meriwether County,GA-199,GA,1
Miller County,GA-201,GA,1
Mitchell County,GA-205,GA,1
Monroe County,GA-207,GA,1
Montgomery County,GA-209,GA,1
Morgan County,GA-211,GA,1
Murray County,GA-213,GA,1
Muscogee County,GA-215,GA,1
Newton County,GA-217,GA,1
Oconee County,GA-219,GA,1
Oglethorpe County,GA-221,GA,1
Paulding County,GA-223,GA,1
Peach County,GA-225,GA,1
Pickens County,GA-227,GA,1
Pierce County,GA-229,GA,1
Pike County,GA-231,GA,1
Polk County,GA-233,GA,1
Pulaski County,GA-235,GA,1
Putnam County,GA-237,GA,1
Quitman County,GA-239,GA,1
Rabun County,GA-241,GA,1
Randolph County,GA-243,GA,1
Richmond County,GA-245,GA,1
Rockdale County,GA-247,GA,1
Schley County,GA-249,GA,1
Screven County,GA-251,GA,1
Seminole County,GA-253,GA,1
Spalding County,GA-255,GA,1
Stephens County,GA-257,GA,1
Stewart County,GA-259,GA,1
Sumter County,GA-261,GA,1
Talbot County,GA-263,GA,1
Taliaferro County,GA-265,GA,1
Tattnall County,GA-267,GA,1
Taylor County,GA-269,GA,1
Telfair County,GA-271,GA,1
Terrell County,GA-273,GA,1
Thomas County,GA-275,GA,1
Tift County,GA-277,GA,1
Toombs County,GA-279,GA,1
Towns County,GA-281,GA,1
Treutlen County,GA-283,GA,1
Troup County,GA-285,GA,1
Turner County,GA-287,GA,1
Twiggs County,GA-289,GA,1
Union County,GA-291,GA,1
Upson County,GA-293,GA,1
Walker County,GA-295,GA,1
Walton County,GA-297,GA,1
Ware County,GA-299,GA,1
Warren County,GA-301,GA,1
Washington County,GA-303,GA,1
Wayne County,GA-305,GA,1
Webster County,GA-307,GA,1
Wheeler County,GA-309,GA,1
White County,GA-311,GA,1
Whitfield County,GA-313,GA,1
Wilcox County,GA-315,GA,1
Wilkes County,GA-317,GA,1
Wilkinson County,GA-319,GA,1
Worth County,GA-321,GA,1
Ada County,ID-001,ID,1
Adams County,ID-003,ID,1
Bannock County,ID-005,ID,1
Bear Lake County,ID-007,ID,1
Benewah County,ID-009,ID,1
Bingham County,ID-011,ID,1
Blaine County,ID-013,ID,1
Boise County,ID-015,ID,1
Bonner County,ID-017,ID,1
Bonneville County,ID-019,ID,1
Boundary County,ID-021,ID,1
Butte County,ID-023,ID,1
Camas County,ID-025,ID,1
Canyon County,ID-027,ID,1
Caribou County,ID-029,ID,1
Cassia County,ID-031,ID,1
Clark County,ID-033,ID,1
Clearwater County,ID-035,ID,1
Custer County,ID-037,ID,1
Elmore County,ID-039,ID,1
Franklin County,ID-041,ID,1
Fremont County,ID-043,ID,1
Gem County,ID-045,ID,1
Gooding County,ID-047,ID,1
Idaho County,ID-049,ID,1
Jefferson County,ID-051,ID,1
Jerome County,ID-053,ID,1
Kootenai County,ID-055,ID,1
Latah County,ID-057,ID,1
Lemhi County,ID-059,ID,1
Lewis County,ID-061,ID,1
Lincoln County,ID-063,ID,1
Madison County,ID-065,ID,1
Minidoka County,ID-067,ID,1
Nez Perce County,ID-069,ID,1
Oneida County,ID-071,ID,1
Owyhee County,ID-073,ID,1
Payette County,ID-075,ID,1
Power County,ID-077,ID,1
Shoshone County,ID-079,ID,1
Teton County,ID-081,ID,1
Twin Falls County,ID-083,ID,1
Valley County,ID-085,ID,1
Washington County,ID-087,ID,1
Adams County,IL-001,IL,0
Alexander County,IL-003,IL,0
Bond County,IL-005,IL,0
Boone County,IL-007,IL,0
Brown County,IL-009,IL,0
Bureau County,IL-011,IL,0
Calhoun County,IL-013,IL,0
Carroll County,IL-015,IL,0
Cass County,IL-017,IL,0
Champaign County,IL-019,IL,0
Christian County,IL-021,IL,0
Clark County,IL-023,IL,0
Clay County,IL-025,IL,0
Clinton County,IL-027,IL,0
Coles County,IL-029,IL,0
Cook County,IL-031,IL,0
Crawford County,IL-033,IL,0
Cumberland County,IL-035,IL,0
De Witt County,IL-039,IL,0
DeKalb County,IL-037,IL,0
Douglas County,IL-041,IL,0
DuPage County,IL-043,IL,0
Edgar County,IL-045,IL,0
Edwards County,IL-047,IL,0
Effingham County,IL-049,IL,0
Fayette County,IL-051,IL,0
Ford County,IL-053,IL,0
Franklin County,IL-055,IL,0
Fulton County,IL-057,IL,0
Gallatin County,IL-059,IL,0
Greene County,IL-061,IL,0
Grundy County,IL-063,IL,0
Hamilton County,IL-065,IL,0
Hancock County,IL-067,IL,0
Hardin County,IL-069,IL,0
Henderson County,IL-071,IL,0
Henry County,IL-073,IL,0
Iroquois County,IL-075,IL,0
Jackson County,IL-077,IL,0
Jasper County,IL-079,IL,0
Jefferson County,IL-081,IL,0
Jersey County,IL-083,IL,0
Jo Daviess County,IL-085,IL,0
Johnson County,IL-087,IL,0
Kane County,IL-089,IL,0
Kankakee County,IL-091,IL,0
Kendall County,IL-093,IL,0
Knox County,IL-095,IL,0
LaSalle County,IL-099,IL,0
Lake County,IL-097,IL,0
Lawrence County,IL-101,IL,0
Lee County,IL-103,IL,0
Livingston County,IL-105,IL,0
Logan County,IL-107,IL,0
Macon County,IL-115,IL,0
Macoupin County,IL-117,IL,0
Madison County,IL-119,IL,0
Marion County,IL-121,IL,0
Marshall County,IL-123,IL,0
Mason County,IL-125,IL,0
Massac County,IL-127,IL,0
McDonough County,IL-109,IL,0
McHenry County,IL-111,IL,0
McLean County,IL-113,IL,0
Menard County,IL-129,IL,0
Mercer County,IL-131,IL,0
Monroe County,IL-133,IL,0
Montgomery County,IL-135,IL,0
Morgan County,IL-137,IL,0
Moultrie County,IL-139,IL,0
Ogle County,IL-141,IL,0
Peoria County,IL-143,IL,0
Perry County,IL-145,IL,0
Piatt County,IL-147,IL,0
Pike County,IL-149,IL,0
Pope County,IL-151,IL,0
Pulaski County,IL-153,IL,0
Putnam County,IL-155,IL,0
Randolph County,IL-157,IL,0
Richland County,IL-159,IL,0
Rock Island County,IL-161,IL,0
Saline County,IL-165,IL,0
Sangamon County,IL-167,IL,0
Schuyler County,IL-169,IL,0
Scott County,IL-171,IL,0
Shelby County,IL-173,IL,0
St. Clair County,IL-163,IL,0
Stark County,IL-175,IL,0
Stephenson County,IL-177,IL,0
Tazewell County,IL-179,IL,0
Union County,IL-181,IL,0
Vermilion County,IL-183,IL,0
Wabash County,IL-185,IL,0
Warren County,IL-187,IL,0
Washington County,IL-189,IL,0
Wayne County,IL-191,IL,0
White County,IL-193,IL,0
Whiteside County,IL-195,IL,0
Will County,IL-197,IL,0
Williamson County,IL-199,IL,0
Winnebago County,IL-201,IL,0
Woodford County,IL-203,IL,0
Adams County,IN-001,IN,1
Allen County,IN-003,IN,1
Bartholomew County,IN-005,IN,1
Benton County,IN-007,IN,1
Blackford County,IN-009,IN,1
Boone County,IN-011,IN,1
Brown County,IN-013,IN,1
Carroll County,IN-015,IN,1
Cass County,IN-017,IN,1
Clark County,IN-019,IN,1
Clay County,IN-021,IN,1
Clinton County,IN-023,IN,1
Crawford County,IN-025,IN,1
Daviess County,IN-027,IN,1
DeKalb County,IN-033,IN,1
Dearborn County,IN-029,IN,1
Decatur County,IN-031,IN,1
Delaware County,IN-035,IN,1
Dubois County,IN-037,IN,1
Elkhart County,IN-039,IN,1
Fayette County,IN-041,IN,1
Floyd County,IN-043,IN,1
Fountain County,IN-045,IN,1
Franklin County,IN-047,IN,1
Fulton County,IN-049,IN,1
Gibson County,IN-051,IN,1
Grant County,IN-053,IN,1
Greene County,IN-055,IN,1
Hamilton County,IN-057,IN,1
Hancock County,IN-059,IN,1
Harrison County,IN-061,IN,1
Hendricks County,IN-063,IN,1
Henry County,IN-065,IN,1
Howard County,IN-067,IN,1
Huntington County,IN-069,IN,1
Jackson County,IN-071,IN,1
Jasper County,IN-073,IN,1
Jay County,IN-075,IN,1
Jefferson County,IN-077,IN,1
Jennings County,IN-079,IN,1
Johnson County,IN-081,IN,1
Knox County,IN-083,IN,1
Kosciusko County,IN-085,IN,1
LaGrange County,IN-087,IN,1
LaPorte County,IN-091,IN,1
Lake County,IN-089,IN,1
Lawrence County,IN-093,IN,1
Madison County,IN-095,IN,1
Marion County,IN-097,IN,1
Marshall County,IN-099,IN,1
Martin County,IN-101,IN,1
Miami County,IN-103,IN,1
Monroe County,IN-105,IN,1
Montgomery County,IN-107,IN,1
Morgan County,IN-109,IN,1
Newton County,IN-111,IN,1
Noble County,IN-113,IN,1
Ohio County,IN-115,IN,1
Orange County,IN-117,IN,1
Owen County,IN-119,IN,1
Parke County,IN-121,IN,1
Perry County,IN-123,IN,1
Pike County,IN-125,IN,1
Porter County,IN-127,IN,1
Posey County,IN-129,IN,1
Pulaski County,IN-131,IN,1
Putnam County,IN-133,IN,1
Randolph County,IN-135,IN,1
Ripley County,IN-137,IN,1
Rush County,IN-139,IN,1
Scott County,IN-143,IN,1
Shelby County,IN-145,IN,1
Spencer County,IN-147,IN,1
St. Joseph County,IN-141,IN,1
Starke County,IN-149,IN,1
Steuben County,IN-151,IN,1
Sullivan County,IN-153,IN,1
Switzerland County,IN-155,IN,1
Tippecanoe County,IN-157,IN,1
Tipton County,IN-159,IN,1
Union County,IN-161,IN,1
Vanderburgh County,IN-163,IN,1
Vermillion County,IN-165,IN,1
Vigo County,IN-167,IN,1
Wabash County,IN-169,IN,1
Warren County,IN-171,IN,1
Warrick County,IN-173,IN,1
Washington County,IN-175,IN,1
Wayne County,IN-177,IN,1
Wells County,IN-179,IN,1
White County,IN-181,IN,1
Whitley County,IN-183,IN,1
Adair County,IA-001,IA,1
Adams County,IA-003,IA,1
Allamakee County,IA-005,IA,1
Appanoose County,IA-007,IA,1
Audubon County,IA-009,IA,1
Benton County,IA-011,IA,1
Black Hawk County,IA-013,IA,1
Boone County,IA-015,IA,1
Bremer County,IA-017,IA,1
Buchanan County,IA-019,IA,1
Buena Vista County,IA-021,IA,1
Butler County,IA-023,IA,1
Calhoun County,IA-025,IA,1
Carroll County,IA-027,IA,1
Cass County,IA-029,IA,1
Cedar County,IA-031,IA,1
Cerro Gordo County,IA-033,IA,1
Cherokee County,IA-035,IA,1
Chickasaw County,IA-037,IA,1
Clarke County,IA-039,IA,1
Clay County,IA-041,IA,1
Clayton County,IA-043,IA,1
Clinton County,IA-045,IA,1
Crawford County,IA-047,IA,1
Dallas County,IA-049,IA,1
Davis County,IA-051,IA,1
Decatur County,IA-053,IA,1
Delaware County,IA-055,IA,1
Des Moines County,IA-057,IA,1
Dickinson County,IA-059,IA,1
Dubuque County,IA-061,IA,1
Emmet County,IA-063,IA,1
Fayette County,IA-065,IA,1
Floyd County,IA-067,IA,1
Franklin County,IA-069,IA,1
Fremont County,IA-071,IA,1
Greene County,IA-073,IA,1
Grundy County,IA-075,IA,1
Guthrie County,IA-077,IA,1
Hamilton County,IA-079,IA,1
Hancock County,IA-081,IA,1
Hardin County,IA-083,IA,1
Harrison County,IA-085,IA,1
Henry County,IA-087,IA,1
Howard County,IA-089,IA,1
Humboldt County,IA-091,IA,1
Ida County,IA-093,IA,1
Iowa County,IA-095,IA,1
Jackson County,IA-097,IA,1
Jasper County,IA-099,IA,1
Jefferson County,IA-101,IA,1
Johnson County,IA-103,IA,1
Jones County,IA-105,IA,1
Keokuk County,IA-107,IA,1
Kossuth County,IA-109,IA,1
Lee County,IA-111,IA,1
Linn County,IA-113,IA,1
Louisa County,IA-115,IA,1
Lucas County,IA-117,IA,1
Lyon County,IA-119,IA,1
Madison County,IA-121,IA,1
Mahaska County,IA-123,IA,1
Marion County,IA-125,IA,1
Marshall County,IA-127,IA,1
Mills County,IA-129,IA,1
Mitchell County,IA-131,IA,1
Monona County,IA-133,IA,1
Monroe County,IA-135,IA,1
Montgomery County,IA-137,IA,1
Muscatine County,IA-139,IA,1
O'Brien County,IA-141,IA,1
Osceola County,IA-143,IA,1
Page County,IA-145,IA,1
Palo Alto County,IA-147,IA,1
Plymouth County,IA-149,IA,1
Pocahontas County,IA-151,IA,1
Polk County,IA-153,IA,1
Pottawattamie County,IA-155,IA,1
Poweshiek County,IA-157,IA,1
Ringgold County,IA-159,IA,1
Sac County,IA-161,IA,1
Scott County,IA-163,IA,1
Shelby County,IA-165,IA,1
Sioux County,IA-167,IA,1
Story County,IA-169,IA,1
Tama County,IA-171,IA,1
Taylor County,IA-173,IA,1
Union County,IA-175,IA,1
Van Buren County,IA-177,IA,1
Wapello County,IA-179,IA,1
Warren County,IA-181,IA,1
Washington County,IA-183,IA,1
Wayne County,IA-185,IA,1
Webster County,IA-187,IA,1
Winnebago County,IA-189,IA,1
Winneshiek County,IA-191,IA,1
Woodbury County,IA-193,IA,1
Worth County,IA-195,IA,1
Wright County,IA-197,IA,1
Allen County,KS-001,KS,0
Anderson County,KS-003,KS,0
Atchison County,KS-005,KS,0
Barber County,KS-007,KS,0
Barton County,KS-009,KS,0
Bourbon County,KS-011,KS,0
Brown County,KS-013,KS,0
Butler County,KS-015,KS,0
Chase County,KS-017,KS,0
Chautauqua County,KS-019,KS,0
Cherokee County,KS-021,KS,0
Cheyenne County,KS-023,KS,0
Clark County,KS-025,KS,0
Clay County,KS-027,KS,0
Cloud County,KS-029,KS,0
Coffey County,KS-031,KS,0
Comanche County,KS-033,KS,0
Cowley County,KS-035,KS,0
Crawford County,KS-037,KS,0
Decatur County,KS-039,KS,0
Dickinson County,KS-041,KS,0
Doniphan County,KS-043,KS,0
Douglas County,KS-045,KS,0
Edwards County,KS-047,KS,0
Elk County,KS-049,KS,0
Ellis County,KS-051,KS,0
Ellsworth County,KS-053,KS,0
Finney County,KS-055,KS,0
Ford County,KS-057,KS,0
Franklin County,KS-059,KS,0
Geary County,KS-061,KS,0
Gove County,KS-063,KS,0
Graham County,KS-065,KS,0
Grant County,KS-067,KS,0
Gray County,KS-069,KS,0
Greeley County,KS-071,KS,0
Greenwood County,KS-073,KS,0
Hamilton County,KS-075,KS,0
Harper County,KS-077,KS,0
Harvey County,KS-079,KS,0
Haskell County,KS-081,KS,0
Hodgeman County,KS-083,KS,0
Jackson County,KS-085,KS,0
Jefferson County,KS-087,KS,0
Jewell County,KS-089,KS,0
Johnson County,KS-091,KS,0
Kearny County,KS-093,KS,0
Kingman County,KS-095,KS,0
Kiowa County,KS-097,KS,0
Labette County,KS-099,KS,0
Lane County,KS-101,KS,0
Leavenworth County,KS-103,KS,0
Lincoln County,KS-105,KS,0
Linn County,KS-107,KS,0
Logan County,KS-109,KS,0
Lyon County,KS-111,KS,0
Marion County,KS-115,KS,0
Marshall County,KS-117,KS,0
McPherson County,KS-113,KS,0
Meade County,KS-119,KS,0
Miami County,KS-121,KS,0
Mitchell County,KS-123,KS,0
Montgomery County,KS-125,KS,0
Morris County,KS-127,KS,0
Morton County,KS-129,KS,0
Nemaha County,KS-131,KS,0
Neosho County,KS-133,KS,0
Ness County,KS-135,KS,0
Norton County,KS-137,KS,0
Osage County,KS-139,KS,0
Osborne County,KS-141,KS,0
Ottawa County,KS-143,KS,0
Pawnee County,KS-145,KS,0
Phillips County,KS-147,KS,0
Pottawatomie County,KS-149,KS,0
Pratt County,KS-151,KS,0
Rawlins County,KS-153,KS,0
Reno County,KS-155,KS,0
Republic County,KS-157,KS,0
Rice County,KS-159,KS,0
Riley County,KS-161,KS,0
Rooks County,KS-163,KS,0
Rush County,KS-165,KS,0
Russell County,KS-167,KS,0
Saline County,KS-169,KS,0
Scott County,KS-171,KS,0
Sedgwick County,KS-173,KS,0
Seward County,KS-175,KS,0
Shawnee County,KS-177,KS,0
Sheridan County,KS-179,KS,0
Sherman County,KS-181,KS,0
Smith County,KS-183,KS,0
Stafford County,KS-185,KS,0
Stanton County,KS-187,KS,0
Stevens County,KS-189,KS,0
Sumner County,KS-191,KS,0
Thomas County,KS-193,KS,0
Trego County,KS-195,KS,0
Wabaunsee County,KS-197,KS,0
Wallace County,KS-199,KS,0
Washington County,KS-201,KS,0
Wichita County,KS-203,KS,0
Wilson County,KS-205,KS,0
Woodson County,KS-207,KS,0
Wyandotte County,KS-209,KS,0
Adair County,KY-001,KY,0
Allen County,KY-003,KY,0
Anderson County,KY-005,KY,0
Ballard County,KY-007,KY,0
Barren County,KY-009,KY,0
Bath County,KY-011,KY,0
Bell County,KY-013,KY,0
Boone County,KY-015,KY,0
Bourbon County,KY-017,KY,0
Boyd County,KY-019,KY,0
Boyle County,KY-021,KY,0
Bracken County,KY-023,KY,0
Breathitt County,KY-025,KY,0
Breckinridge County,KY-027,KY,0
Bullitt County,KY-029,KY,0
Butler County,KY-031,KY,0
Caldwell County,KY-033,KY,0
Calloway County,KY-035,KY,0
Campbell County,KY-037,KY,0
Carlisle County,KY-039,KY,0
Carroll County,KY-041,KY,0
Carter County,KY-043,KY,0
Casey County,KY-045,KY,0
Christian County,KY-047,KY,0
Clark County,KY-049,KY,0
Clay County,KY-051,KY,0
Clinton County,KY-053,KY,0
Crittenden County,KY-055,KY,0
Cumberland County,KY-057,KY,0
Daviess County,KY-059,KY,0
Edmonson County,KY-061,KY,0
Elliott County,KY-063,KY,0
Estill County,KY-065,KY,0
Fayette County,KY-067,KY,0
Fleming County,KY-069,KY,0
Floyd County,KY-071,KY,0
Franklin County,KY-073,KY,0
Fulton County,KY-075,KY,0
Gallatin County,KY-077,KY,0
Garrard County,KY-079,KY,0
Grant County,KY-081,KY,0
Graves County,KY-083,KY,0
Grayson County,KY-085,KY,0
Green County,KY-087,KY,0
Greenup County,KY-089,KY,0
Hancock County,KY-091,KY,0
Hardin County,KY-093,KY,0
Harlan County,KY-095,KY,0
Harrison County,KY-097,KY,0
Hart County,KY-099,KY,0
Henderson County,KY-101,KY,0
Henry County,KY-103,KY,0
Hickman County,KY-105,KY,0
Hopkins County,KY-107,KY,0
Jackson County,KY-109,KY,0
Jefferson County,KY-111,KY,0
Jessamine County,KY-113,KY,0
Johnson County,KY-115,KY,0
Kenton County,KY-117,KY,0
Knott County,KY-119,KY,0
Knox County,KY-121,KY,0
Larue County,KY-123,KY,0
Laurel County,KY-125,KY,0
Lawrence County,KY-127,KY,0
Lee County,KY-129,KY,0
Leslie County,KY-131,KY,0
Letcher County,KY-133,KY,0
Lewis County,KY-135,KY,0
Lincoln County,KY-137,KY,0
Livingston County,KY-139,KY,0
Logan County,KY-141,KY,0
Lyon County,KY-143,KY,0
Madison County,KY-151,KY,0
Magoffin County,KY-153,KY,0
Marion County,KY-155,KY,0
Marshall County,KY-157,KY,0
Martin County,KY-159,KY,0
Mason County,KY-161,KY,0
McCracken County,KY-145,KY,0
McCreary County,KY-147,KY,0
McLean County,KY-149,KY,0
Meade County,KY-163,KY,0
Menifee County,KY-165,KY,0
Mercer County,KY-167,KY,0
Metcalfe County,KY-169,KY,0
Monroe County,KY-171,KY,0
Montgomery County,KY-173,KY,0
Morgan County,KY-175,KY,0
Muhlenberg County,KY-177,KY,0
Nelson County,KY-179,KY,0
Nicholas County,KY-181,KY,0
Ohio County,KY-183,KY,0
Oldham County,KY-185,KY,0
Owen County,KY-187,KY,0
Owsley County,KY-189,KY,0
Pendleton County,KY-191,KY,0
Perry County,KY-193,KY,0
Pike County,KY-195,KY,0
Powell County,KY-197,KY,0
Pulaski County,KY-199,KY,0
Robertson County,KY-201,KY,0
Rockcastle County,KY-203,KY,0
Rowan County,KY-205,KY,0
Russell County,KY-207,KY,0
Scott County,KY-209,KY,0
Shelby County,KY-211,KY,0
Simpson County,KY-213,KY,0
Spencer County,KY-215,KY,0
Taylor County,KY-217,KY,0
Todd County,KY-219,KY,0
Trigg County,KY-221,KY,0
Trimble County,KY-223,KY,0
Union County,KY-225,KY,0
Warren County,KY-227,KY,0
Washington County,KY-229,KY,0
Wayne County,KY-231,KY,0
Webster County,KY-233,KY,0
Whitley County,KY-235,KY,0
Wolfe County,KY-237,KY,0
Woodford County,KY-239,KY,0
Acadia Parish,LA-001,LA,0
Allen Parish,LA-003,LA,0
Ascension Parish,LA-005,LA,0
Assumption Parish,LA-007,LA,0
Avoyelles Parish,LA-009,LA,0
Beauregard Parish,LA-011,LA,0
Bienville Parish,LA-013,LA,0
Bossier Parish,LA-015,LA,0
Caddo Parish,LA-017,LA,0
Calcasieu Parish,LA-019,LA,0
Caldwell Parish,LA-021,LA,0
Cameron Parish,LA-023,LA,0
Catahoula Parish,LA-025,LA,0
Claiborne Parish,LA-027,LA,0
Concordia Parish,LA-029,LA,0
De Soto Parish,LA-031,LA,0
East Baton Rouge Parish,LA-033,LA,0
East Carroll Parish,LA-035,LA,0
East Feliciana Parish,LA-037,LA,0
Evangeline Parish,LA-039,LA,0
Franklin Parish,LA-041,LA,0
Grant Parish,LA-043,LA,0
Iberia Parish,LA-045,LA,0
Iberville Parish,LA-047,LA,0
Jackson Parish,LA-049,LA,0
Jefferson Davis Parish,LA-053,LA,0
Jefferson Parish,LA-051,LA,0
La Salle Parish,LA-059,LA,0
Lafayette Parish,LA-055,LA,0
Lafourche Parish,LA-057,LA,0
Lincoln Parish,LA-061,LA,0
Livingston Parish,LA-063,LA,0
Madison Parish,LA-065,LA,0
Morehouse Parish,LA-067,LA,0
Natchitoches Parish,LA-069,LA,0
Orleans Parish,LA-071,LA,0
Ouachita Parish,LA-073,LA,0
Plaquemines Parish,LA-075,LA,0
Pointe Coupee Parish,LA-077,LA,0
Rapides Parish,LA-079,LA,0
Red River Parish,LA-081,LA,0
Richland Parish,LA-083,LA,0
Sabine Parish,LA-085,LA,0
St. Bernard Parish,LA-087,LA,0
St. Charles Parish,LA-089,LA,0
St. Helena Parish,LA-091,LA,0
St. James Parish,LA-093,LA,0
St. John the Baptist Parish,LA-095,LA,0
St. Landry Parish,LA-097,LA,0
St. Martin Parish,LA-099,LA,0
St. Mary Parish,LA-101,LA,0
St. Tammany Parish,LA-103,LA,0
Tangipahoa Parish,LA-105,LA,0
Tensas Parish,LA-107,LA,0
Terrebonne Parish,LA-109,LA,0
Union Parish,LA-111,LA,0
Vermilion Parish,LA-113,LA,0
Vernon Parish,LA-115,LA,0
Washington Parish,LA-117,LA,0
Webster Parish,LA-119,LA,0
West Baton Rouge Parish,LA-121,LA,0
West Carroll Parish,LA-123,LA,0
West Feliciana Parish,LA-125,LA,0
Winn Parish,LA-127,LA,0
Androscoggin County,ME-001,ME,0
Aroostook County,ME-003,ME,0
Cumberland County,ME-005,ME,0
Franklin County,ME-007,ME,0
Hancock County,ME-009,ME,0
Kennebec County,ME-011,ME,0
Knox County,ME-013,ME,0
Lincoln County,ME-015,ME,0
Oxford County,ME-017,ME,0
Penobscot County,ME-019,ME,0
Piscataquis County,ME-021,ME,0
Sagadahoc County,ME-023,ME,0
Somerset County,ME-025,ME,0
Waldo County,ME-027,ME,0
Washington County,ME-029,ME,0
York County,ME-031,ME,0
Allegany County,MD-001,MD,1
Anne Arundel County,MD-003,MD,1
Baltimore City,MD-510,MD,1
Baltimore County,MD-005,MD,1
Calvert County,MD-009,MD,1
Caroline County,MD-011,MD,1
Carroll County,MD-013,MD,1
Cecil County,MD-015,MD,1
Charles County,MD-017,MD,1
Dorchester County,MD-019,MD,1
Frederick County,MD-021,MD,1
Garrett County,MD-023,MD,1
Harford County,MD-025,MD,1
Howard County,MD-027,MD,1
Kent County,MD-029,MD,1
Montgomery County,MD-031,MD,1
Prince George's County,MD-033,MD,1
Queen Anne's County,MD-035,MD,1
Somerset County,MD-039,MD,1
St. Mary's County,MD-037,MD,1
Talbot County,MD-041,MD,1
Washington County,MD-043,MD,1
"Washington, D.C.",MD-511,MD,1
Wicomico County,MD-045,MD,1
Worcester County,MD-047,MD,1
Barnstable County,MA-001,MA,1
Berkshire County,MA-003,MA,1
Bristol County,MA-005,MA,1
Dukes County,MA-007,MA,1
Essex County,MA-009,MA,1
Franklin County,MA-011,MA,1
Hampden County,MA-013,MA,1
Hampshire County,MA-015,MA,1
Middlesex County,MA-017,MA,1
Nantucket County,MA-019,MA,1
Norfolk County,MA-021,MA,1
Plymouth County,MA-023,MA,1
Suffolk County,MA-025,MA,1
Worcester County,MA-027,MA,1
Alcona County,MI-001,MI,0
Alger County,MI-003,MI,0
Allegan County,MI-005,MI,0
Alpena County,MI-007,MI,0
Antrim County,MI-009,MI,0
Arenac County,MI-011,MI,0
Baraga County,MI-013,MI,0
Barry County,MI-015,MI,0
Bay County,MI-017,MI,0
Benzie County,MI-019,MI,0
Berrien County,MI-021,MI,0
Branch County,MI-023,MI,0
Calhoun County,MI-025,MI,0
Cass County,MI-027,MI,0
Charlevoix County,MI-029,MI,0
Cheboygan County,MI-031,MI,0
Chippewa County,MI-033,MI,0
Clare County,MI-035,MI,0
Clinton County,MI-037,MI,0
Crawford County,MI-039,MI,0
Delta County,MI-041,MI,0
Dickinson County,MI-043,MI,0
Eaton County,MI-045,MI,0
Emmet County,MI-047,MI,0
Genesee County,MI-049,MI,0
Gladwin County,MI-051,MI,0
Gogebic County,MI-053,MI,0
Grand Traverse County,MI-055,MI,0
Gratiot County,MI-057,MI,0
Hillsdale County,MI-059,MI,0
Houghton County,MI-061,MI,0
Huron County,MI-063,MI,0
Ingham County,MI-065,MI,0
Ionia County,MI-067,MI,0
Iosco County,MI-069,MI,0
Iron County,MI-071,MI,0
Isabella County,MI-073,MI,0
Jackson County,MI-075,MI,0
Kalamazoo County,MI-077,MI,0
Kalkaska County,MI-079,MI,0
Kent County,MI-081,MI,0
Keweenaw County,MI-083,MI,0
Lake County,MI-085,MI,0
Lapeer County,MI-087,MI,0
Leelanau County,MI-089,MI,0
Lenawee County,MI-091,MI,0
Livingston County,MI-093,MI,0
Luce County,MI-095,MI,0
Mackinac County,MI-097,MI,0
Macomb County,MI-099,MI,0
Manistee County,MI-101,MI,0
Marquette County,MI-103,MI,0
Mason County,MI-105,MI,0
Mecosta County,MI-107,MI,0
Menominee County,MI-109,MI,0
Midland County,MI-111,MI,0
Missaukee County,MI-113,MI,0
Monroe County,MI-115,MI,0
Montcalm County,MI-117,MI,0
Montmorency County,MI-119,MI,0
Muskegon County,MI-121,MI,0
Newaygo County,MI-123,MI,0
Oakland County,MI-125,MI,0
Oceana County,MI-127,MI,0
Ogemaw County,MI-129,MI,0
Ontonagon County,MI-131,MI,0
Osceola County,MI-133,MI,0
Oscoda County,MI-135,MI,0
Otsego County,MI-137,MI,0
Ottawa County,MI-139,MI,0
Presque Isle County,MI-141,MI,0
Roscommon County,MI-143,MI,0
Saginaw County,MI-145,MI,0
Sanilac County,MI-151,MI,0
Schoolcraft County,MI-153,MI,0
Shiawassee County,MI-155,MI,0
St. Clair County,MI-147,MI,0
St. Joseph County,MI-149,MI,0
Tuscola County,MI-157,MI,0
Van Buren County,MI-159,MI,0
Washtenaw County,MI-161,MI,0
Wayne County,MI-163,MI,0
Wexford County,MI-165,MI,0
Aitkin County,MN-001,MN,0
Anoka County,MN-003,MN,0
Becker County,MN-005,MN,0
Beltrami County,MN-007,MN,0
Benton County,MN-009,MN,0
Big Stone County,MN-011,MN,0
Blue Earth County,MN-013,MN,0
Brown County,MN-015,MN,0
Carlton County,MN-017,MN,0
Carver County,MN-019,MN,0
Cass County,MN-021,MN,0
Chippewa County,MN-023,MN,0
Chisago County,MN-025,MN,0
Clay County,MN-027,MN,0
Clearwater County,MN-029,MN,0
Cook County,MN-031,MN,0
Cottonwood County,MN-033,MN,0
Crow Wing County,MN-035,MN,0
Dakota County,MN-037,MN,0
Dodge County,MN-039,MN,0
Douglas County,MN-041,MN,0
Faribault County,MN-043,MN,0
Fillmore County,MN-045,MN,0
Freeborn County,MN-047,MN,0
Goodhue County,MN-049,MN,0
Grant County,MN-051,MN,0
Hennepin County,MN-053,MN,0
Houston County,MN-055,MN,0
Hubbard County,MN-057,MN,0
Isanti County,MN-059,MN,0
Itasca County,MN-061,MN,0
Jackson County,MN-063,MN,0
Kanabec County,MN-065,MN,0
Kandiyohi County,MN-067,MN,0
Kittson County,MN-069,MN,0
Koochiching County,MN-071,MN,0
Lac qui Parle County,MN-073,MN,0
Lake County,MN-075,MN,0
Lake of the Woods County,MN-077,MN,0
Le Sueur County,MN-079,MN,0
Lincoln County,MN-081,MN,0
Lyon County,MN-083,MN,0
Mahnomen County,MN-087,MN,0
Marshall County,MN-089,MN,0
Martin County,MN-091,MN,0
McLeod County,MN-085,MN,0
Meeker County,MN-093,MN,0
Mille Lacs County,MN-095,MN,0
Morrison County,MN-097,MN,0
Mower County,MN-099,MN,0
Murray County,MN-101,MN,0
Nicollet County,MN-103,MN,0
Nobles County,MN-105,MN,0
Norman County,MN-107,MN,0
Olmsted County,MN-109,MN,0
Otter Tail County,MN-111,MN,0
Pennington County,MN-113,MN,0
Pine County,MN-115,MN,0
Pipestone County,MN-117,MN,0
Polk County,MN-119,MN,0
Pope County,MN-121,MN,0
Ramsey County,MN-123,MN,0
Red Lake County,MN-125,MN,0
Redwood County,MN-127,MN,0
Renville County,MN-129,MN,0
Rice County,MN-131,MN,0
Rock County,MN-133,MN,0
Roseau County,MN-135,MN,0
Scott County,MN-139,MN,0
Sherburne County,MN-141,MN,0
Sibley County,MN-143,MN,0
St. Louis County,MN-137,MN,0
Stearns County,MN-145,MN,0
Steele County,MN-147,MN,0
Stevens County,MN-149,MN,0
Swift County,MN-151,MN,0
Todd County,MN-153,MN,0
Traverse County,MN-155,MN,0
Wabasha County,MN-157,MN,0
Wadena County,MN-159,MN,0
Waseca County,MN-161,MN,0
Washington County,MN-163,MN,0
Watonwan County,MN-165,MN,0
Wilkin County,MN-167,MN,0
Winona County,MN-169,MN,0
Wright County,MN-171,MN,0
Yellow Medicine County,MN-173,MN,0
Adams County,MS-001,MS,1
Alcorn County,MS-003,MS,1
Amite County,MS-005,MS,1
Attala County,MS-007,MS,1
Benton County,MS-009,MS,1
Bolivar County,MS-011,MS,1
Calhoun County,MS-013,MS,1
Carroll County,MS-015,MS,1
Chickasaw County,MS-017,MS,1
Choctaw County,MS-019,MS,1
Claiborne County,MS-021,MS,1
Clarke County,MS-023,MS,1
Clay County,MS-025,MS,1
Coahoma County,MS-027,MS,1
Copiah County,MS-029,MS,1
Covington County,MS-031,MS,1
DeSoto County,MS-033,MS,1
Forrest County,MS-035,MS,1
Franklin County,MS-037,MS,1
George County,MS-039,MS,1
Greene County,MS-041,MS,1
Grenada County,MS-043,MS,1
Hancock County,MS-045,MS,1
Harrison County,MS-047,MS,1
Hinds County,MS-049,MS,1
Holmes County,MS-051,MS,1
Humphreys County,MS-053,MS,1
Issaquena County,MS-055,MS,1
Itawamba County,MS-057,MS,1
Jackson County,MS-059,MS,1
Jasper County,MS-061,MS,1
Jefferson County,MS-063,MS,1
Jefferson Davis County,MS-065,MS,1
Jones County,MS-067,MS,1
Kemper County,MS-069,MS,1
Lafayette County,MS-071,MS,1
Lamar County,MS-073,MS,1
Lauderdale County,MS-075,MS,1
Lawrence County,MS-077,MS,1
Leake County,MS-079,MS,1
Lee County,MS-081,MS,1
Leflore County,MS-083,MS,1
Lincoln County,MS-085,MS,1
Lowndes County,MS-087,MS,1
Madison County,MS-089,MS,1
Marion County,MS-091,MS,1
Marshall County,MS-093,MS,1
Monroe County,MS-095,MS,1
Montgomery County,MS-097,MS,1
Neshoba County,MS-099,MS,1
Newton County,MS-101,MS,1
Noxubee County,MS-103,MS,1
Oktibbeha County,MS-105,MS,1
Panola County,MS-107,MS,1
Pearl River County,MS-109,MS,1
Perry County,MS-111,MS,1
Pike County,MS-113,MS,1
Pontotoc County,MS-115,MS,1
Prentiss County,MS-117,MS,1
Quitman County,MS-119,MS,1
Rankin County,MS-121,MS,1
Scott County,MS-123,MS,1
Sharkey County,MS-125,MS,1
Simpson County,MS-127,MS,1
Smith County,MS-129,MS,1
Stone County,MS-131,MS,1
Sunflower County,MS-133,MS,1
Tallahatchie County,MS-135,MS,1
Tate County,MS-137,MS,1
Tippah County,MS-139,MS,1
Tishomingo County,MS-141,MS,1
Tunica County,MS-143,MS,1
Union County,MS-145,MS,1
Walthall County,MS-147,MS,1
Warren County,MS-149,MS,1
Washington County,MS-151,MS,1
Wayne County,MS-153,MS,1
Webster County,MS-155,MS,1
Wilkinson County,MS-157,MS,1
Winston County,MS-159,MS,1
Yalobusha County,MS-161,MS,1
Yazoo County,MS-163,MS,1
Adair County,MO-001,MO,1
Andrew County,MO-003,MO,1
Atchison County,MO-005,MO,1
Audrain County,MO-007,MO,1
Barry County,MO-009,MO,1
Barton County,MO-011,MO,1
Bates County,MO-013,MO,1
Benton County,MO-015,MO,1
Bollinger County,MO-017,MO,1
Boone County,MO-019,MO,1
Buchanan County,MO-021,MO,1
Butler County,MO-023,MO,1
Caldwell County,MO-025,MO,1
Callaway County,MO-027,MO,1
Camden County,MO-029,MO,1
Cape Girardeau County,MO-031,MO,1
Carroll County,MO-033,MO,1
Carter County,MO-035,MO,1
Cass County,MO-037,MO,1
Cedar County,MO-039,MO,1
Chariton County,MO-041,MO,1
Christian County,MO-043,MO,1
Clark County,MO-045,MO,1
Clay County,MO-047,MO,1
Clinton County,MO-049,MO,1
Cole County,MO-051,MO,1
Cooper County,MO-053,MO,1
Crawford County,MO-055,MO,1
Dade County,MO-057,MO,1
Dallas County,MO-059,MO,1
Daviess County,MO-061,MO,1
DeKalb County,MO-063,MO,1
Dent County,MO-065,MO,1
Douglas County,MO-067,MO,1
Dunklin County,MO-069,MO,1
Franklin County,MO-071,MO,1
Gasconade County,MO-073,MO,1
Gentry County,MO-075,MO,1
Greene County,MO-077,MO,1
Grundy County,MO-079,MO,1
Harrison County,MO-081,MO,1
Henry County,MO-083,MO,1
Hickory County,MO-085,MO,1
Holt County,MO-087,MO,1
Howard County,MO-089,MO,1
Howell County,MO-091,MO,1
Iron County,MO-093,MO,1
Jackson County,MO-095,MO,1
Jasper County,MO-097,MO,1
Jefferson County,MO-099,MO,1
Johnson County,MO-101,MO,1
Knox County,MO-103,MO,1
Laclede County,MO-105,MO,1
Lafayette County,MO-107,MO,1
Lawrence County,MO-109,MO,1
Lewis County,MO-111,MO,1
Lincoln County,MO-113,MO,1
Linn County,MO-115,MO,1
Livingston County,MO-117,MO,1
Macon County,MO-121,MO,1
Madison County,MO-123,MO,1
Maries County,MO-125,MO,1
Marion County,MO-127,MO,1
McDonald County,MO-119,MO,1
Mercer County,MO-129,MO,1
Miller County,MO-131,MO,1
Mississippi County,MO-133,MO,1
Moniteau County,MO-135,MO,1
Monroe County,MO-137,MO,1
Montgomery County,MO-139,MO,1
Morgan County,MO-141,MO,1
New Madrid County,MO-143,MO,1
Newton County,MO-145,MO,1
Nodaway County,MO-147,MO,1
Oregon County,MO-149,MO,1
Osage County,MO-151,MO,1
Ozark County,MO-153,MO,1
Pemiscot County,MO-155,MO,1
Perry County,MO-157,MO,1
Pettis County,MO-159,MO,1
Phelps County,MO-161,MO,1
Pike County,MO-163,MO,1
Platte County,MO-165,MO,1
Polk County,MO-167,MO,1
Pulaski County,MO-169,MO,1
Putnam County,MO-171,MO,1
Ralls County,MO-173,MO,1
Randolph County,MO-175,MO,1
Ray County,MO-177,MO,1
Reynolds County,MO-179,MO,1
Ripley County,MO-181,MO,1
Saline County,MO-195,MO,1
Schuyler County,MO-197,MO,1
Scotland County,MO-199,MO,1
Scott County,MO-201,MO,1
Shannon County,MO-203,MO,1
Shelby County,MO-205,MO,1
St. Charles County,MO-183,MO,1
St. Clair County,MO-185,MO,1
St. Francois County,MO-187,MO,1
St. Louis City,MO-510,MO,1
St. Louis County,MO-189,MO,1
Ste. Genevieve County,MO-186,MO,1
Stoddard County,MO-207,MO,1
Stone County,MO-209,MO,1
Sullivan County,MO-211,MO,1
Taney County,MO-213,MO,1
Texas County,MO-215,MO,1
Vernon County,MO-217,MO,1
Warren County,MO-219,MO,1
Washington County,MO-221,MO,1
Wayne County,MO-223,MO,1
Webster County,MO-225,MO,1
Worth County,MO-227,MO,1
Wright County,MO-229,MO,1
Beaverhead County,MT-001,MT,1
Big Horn County,MT-003,MT,1
Blaine County,MT-005,MT,1
Broadwater County,MT-007,MT,1
Carbon County,MT-009,MT,1
Carter County,MT-011,MT,1
Cascade County,MT-013,MT,1
Chouteau County,MT-015,MT,1
Custer County,MT-017,MT,1
Daniels County,MT-019,MT,1
Dawson County,MT-021,MT,1
Deer Lodge County,MT-023,MT,1
Fallon County,MT-025,MT,1
Fergus County,MT-027,MT,1
Flathead County,MT-029,MT,1
Gallatin County,MT-031,MT,1
Garfield County,MT-033,MT,1
Glacier County,MT-035,MT,1
Golden Valley County,MT-037,MT,1
Granite County,MT-039,MT,1
Hill County,MT-041,MT,1
Jefferson County,MT-043,MT,1
Judith Basin County,MT-045,MT,1
Lake County,MT-047,MT,1
Lewis and Clark County,MT-049,MT,1
Liberty County,MT-051,MT,1
Lincoln County,MT-053,MT,1
Madison County,MT-057,MT,1
McCone County,MT-055,MT,1
Meagher County,MT-059,MT,1
Mineral County,MT-061,MT,1
Missoula County,MT-063,MT,1
Musselshell County,MT-065,MT,1
Park County,MT-067,MT,1
Petroleum County,MT-069,MT,1
Phillips County,MT-071,MT,1
Pondera County,MT-073,MT,1
Powder River County,MT-075,MT,1
Powell County,MT-077,MT,1
Prairie County,MT-079,MT,1
Ravalli County,MT-081,MT,1
Richland County,MT-083,MT,1
Roosevelt County,MT-085,MT,1
Rosebud County,MT-087,MT,1
Sanders County,MT-089,MT,1
Sheridan County,MT-091,MT,1
Silver Bow County,MT-093,MT,1
Stillwater County,MT-095,MT,1
Sweet Grass County,MT-097,MT,1
Teton County,MT-099,MT,1
Toole County,MT-101,MT,1
Treasure County,MT-103,MT,1
Valley County,MT-105,MT,1
Wheatland County,MT-107,MT,1
Wibaux County,MT-109,MT,1
Yellowstone County,MT-111,MT,1
Adams County,NE-001,NE,1
Antelope County,NE-003,NE,1
Arthur County,NE-005,NE,1
Banner County,NE-007,NE,1
Blaine County,NE-009,NE,1
Boone County,NE-011,NE,1
Box Butte County,NE-013,NE,1
Boyd County,NE-015,NE,1
Brown County,NE-017,NE,1
Buffalo County,NE-019,NE,1
Burt County,NE-021,NE,1
Butler County,NE-023,NE,1
Cass County,NE-025,NE,1
Cedar County,NE-027,NE,1
Chase County,NE-029,NE,1
Cherry County,NE-031,NE,1
Cheyenne County,NE-033,NE,1
Clay County,NE-035,NE,1
Colfax County,NE-037,NE,1
Cuming County,NE-039,NE,1
Custer County,NE-041,NE,1
Dakota County,NE-043,NE,1
Dawes County,NE-045,NE,1
Dawson County,NE-047,NE,1
Deuel County,NE-049,NE,1
Dixon County,NE-051,NE,1
Dodge County,NE-053,NE,1
Douglas County,NE-055,NE,1
Dundy County,NE-057,NE,1
Fillmore County,NE-059,NE,1
Franklin County,NE-061,NE,1
Frontier County,NE-063,NE,1
Furnas County,NE-065,NE,1
Gage County,NE-067,NE,1
Garden County,NE-069,NE,1
Garfield County,NE-071,NE,1
Gosper County,NE-073,NE,1
Grant County,NE-075,NE,1
Greeley County,NE-077,NE,1
Hall County,NE-079,NE,1
Hamilton County,NE-081,NE,1
Harlan County,NE-083,NE,1
Hayes County,NE-085,NE,1
Hitchcock County,NE-087,NE,1
Holt County,NE-089,NE,1
Hooker County,NE-091,NE,1
Howard County,NE-093,NE,1
Jefferson County,NE-095,NE,1
Johnson County,NE-097,NE,1
Kearney County,NE-099,NE,1
Keith County,NE-101,NE,1
Keya Paha County,NE-103,NE,1
Kimball County,NE-105,NE,1
Knox County,NE-107,NE,1
Lancaster County,NE-109,NE,1
Lincoln County,NE-111,NE,1
Logan County,NE-113,NE,1
Loup County,NE-115,NE,1
Madison County,NE-119,NE,1
McPherson County,NE-117,NE,1
Merrick County,NE-121,NE,1
Morrill County,NE-123,NE,1
Nance County,NE-125,NE,1
Nemaha County,NE-127,NE,1
Nuckolls County,NE-129,NE,1
Otoe County,NE-131,NE,1
Pawnee County,NE-133,NE,1
Perkins County,NE-135,NE,1
Phelps County,NE-137,NE,1
Pierce County,NE-139,NE,1
Platte County,NE-141,NE,1
Polk County,NE-143,NE,1
Red Willow County,NE-145,NE,1
Richardson County,NE-147,NE,1
Rock County,NE-149,NE,1
Saline County,NE-151,NE,1
Sarpy County,NE-153,NE,1
Saunders County,NE-155,NE,1
Scotts Bluff County,NE-157,NE,1
Seward County,NE-159,NE,1
Sheridan County,NE-161,NE,1
Sherman County,NE-163,NE,1
Sioux County,NE-165,NE,1
Stanton County,NE-167,NE,1
Thayer County,NE-169,NE,1
Thomas County,NE-171,NE,1
Thurston County,NE-173,NE,1
Valley County,NE-175,NE,1
Washington County,NE-177,NE,1
Wayne County,NE-179,NE,1
Webster County,NE-181,NE,1
Wheeler County,NE-183,NE,1
York County,NE-185,NE,1
Carson City,NV-510,NV,0
Churchill County,NV-001,NV,0
Clark County,NV-003,NV,0
Douglas County,NV-005,NV,0
Elko County,NV-007,NV,0
Esmeralda County,NV-009,NV,0
Eureka County,NV-011,NV,0
Humboldt County,NV-013,NV,0
Lander County,NV-015,NV,0
Lincoln County,NV-017,NV,0
Lyon County,NV-019,NV,0
Mineral County,NV-021,NV,0
Nye County,NV-023,NV,0
Pershing County,NV-027,NV,0
Storey County,NV-029,NV,0
Washoe County,NV-031,NV,0
White Pine County,NV-033,NV,0
Belknap County,NH-001,NH,1
Carroll County,NH-003,NH,1
Cheshire County,NH-005,NH,1
Coos County,NH-007,NH,1
Grafton County,NH-009,NH,1
Hillsborough County,NH-011,NH,1
Merrimack County,NH-013,NH,1
Rockingham County,NH-015,NH,1
Strafford County,NH-017,NH,1
Sullivan County,NH-019,NH,1
Atlantic County,NJ-001,NJ,0
Bergen County,NJ-003,NJ,0
Burlington County,NJ-005,NJ,0
Camden County,NJ-007,NJ,0
Cape May County,NJ-009,NJ,0
Cumberland County,NJ-011,NJ,0
Essex County,NJ-013,NJ,0
Gloucester County,NJ-015,NJ,0
Hudson County,NJ-017,NJ,0
Hunterdon County,NJ-019,NJ,0
Mercer County,NJ-021,NJ,0
Middlesex County,NJ-023,NJ,0
Monmouth County,NJ-025,NJ,0
Morris County,NJ-027,NJ,0
Ocean County,NJ-029,NJ,0
Passaic County,NJ-031,NJ,0
Salem County,NJ-033,NJ,0
Somerset County,NJ-035,NJ,0
Sussex County,NJ-037,NJ,0
Union County,NJ-039,NJ,0
Warren County,NJ-041,NJ,0
Bernalillo County,NM-001,NM,0
Catron County,NM-003,NM,0
Chaves County,NM-005,NM,0
Cibola County,NM-006,NM,0
Colfax County,NM-007,NM,0
Curry County,NM-009,NM,0
De Baca County,NM-011,NM,0
Dona Ana County,NM-013,NM,0
Eddy County,NM-015,NM,0
Grant County,NM-017,NM,0
Guadalupe County,NM-019,NM,0
Harding County,NM-021,NM,0
Hidalgo County,NM-023,NM,0
Lea County,NM-025,NM,0
Lincoln County,NM-027,NM,0
Los Alamos County,NM-028,NM,0
Luna County,NM-029,NM,0
McKinley County,NM-031,NM,0
Mora County,NM-033,NM,0
Otero County,NM-035,NM,0
Quay County,NM-037,NM,0
Rio Arriba County,NM-039,NM,0
Roosevelt County,NM-041,NM,0
San Juan County,NM-045,NM,0
San Miguel County,NM-047,NM,0
Sandoval County,NM-043,NM,0
Santa Fe County,NM-049,NM,0
Sierra County,NM-051,NM,0
Socorro County,NM-053,NM,0
Taos County,NM-055,NM,0
Torrance County,NM-057,NM,0
Union County,NM-059,NM,0
Valencia County,NM-061,NM,0
Albany County,NY-001,NY,0
Allegany County,NY-003,NY,0
Bronx County,NY-005,NY,0
Broome County,NY-007,NY,0
Cattaraugus County,NY-009,NY,0
Cayuga County,NY-011,NY,0
Chautauqua County,NY-013,NY,0
Chemung County,NY-015,NY,0
Chenango County,NY-017,NY,0
Clinton County,NY-019,NY,0
Columbia County,NY-021,NY,0
Cortland County,NY-023,NY,0
Delaware County,NY-025,NY,0
Dutchess County,NY-027,NY,0
Erie County,NY-029,NY,0
Essex County,NY-031,NY,0
Franklin County,NY-033,NY,0
Fulton County,NY-035,NY,0
Genesee County,NY-037,NY,0
Greene County,NY-039,NY,0
Hamilton County,NY-041,NY,0
Herkimer County,NY-043,NY,0
Jefferson County,NY-045,NY,0
Kings County,NY-047,NY,0
Lewis County,NY-049,NY,0
Livingston County,NY-051,NY,0
Madison County,NY-053,NY,0
Monroe County,NY-055,NY,0
Montgomery County,NY-057,NY,0
Nassau County,NY-059,NY,0
New York County,NY-061,NY,0
Niagara County,NY-063,NY,0
Oneida County,NY-065,NY,0
Onondaga County,NY-067,NY,0
Ontario County,NY-069,NY,0
Orange County,NY-071,NY,0
Orleans County,NY-073,NY,0
Oswego County,NY-075,NY,0
Otsego County,NY-077,NY,0
Putnam County,NY-079,NY,0
Queens County,NY-081,NY,0
Rensselaer County,NY-083,NY,0
Richmond County,NY-085,NY,0
Rockland County,NY-087,NY,0
Saratoga County,NY-091,NY,0
Schenectady County,NY-093,NY,0
Schoharie County,NY-095,NY,0
Schuyler County,NY-097,NY,0
Seneca County,NY-099,NY,0
St. Lawrence County,NY-089,NY,0
Steuben County,NY-101,NY,0
Suffolk County,NY-103,NY,0
Sullivan County,NY-105,NY,0
Tioga County,NY-107,NY,0
Tompkins County,NY-109,NY,0
Ulster County,NY-111,NY,0
Warren County,NY-113,NY,0
Washington County,NY-115,NY,0
Wayne County,NY-117,NY,0
Westchester County,NY-119,NY,0
Wyoming County,NY-121,NY,0
Yates County,NY-123,NY,0
Alamance County,NC-001,NC,0
Alexander County,NC-003,NC,0
Alleghany County,NC-005,NC,0
Anson County,NC-007,NC,0
Ashe County,NC-009,NC,0
Avery County,NC-011,NC,0
Beaufort County,NC-013,NC,0
Bertie County,NC-015,NC,0
Bladen County,NC-017,NC,0
Brunswick County,NC-019,NC,0
Buncombe County,NC-021,NC,0
Burke County,NC-023,NC,0
Cabarrus County,NC-025,NC,0
Caldwell County,NC-027,NC,0
Camden County,NC-029,NC,0
Carteret County,NC-031,NC,0
Caswell County,NC-033,NC,0
Catawba County,NC-035,NC,0
Chatham County,NC-037,NC,0
Cherokee County,NC-039,NC,0
Chowan County,NC-041,NC,0
Clay County,NC-043,NC,0
Cleveland County,NC-045,NC,0
Columbus County,NC-047,NC,0
Craven County,NC-049,NC,0
Cumberland County,NC-051,NC,0
Currituck County,NC-053,NC,0
Dare County,NC-055,NC,0
Davidson County,NC-057,NC,0
Davie County,NC-059,NC,0
Duplin County,NC-061,NC,0
Durham County,NC-063,NC,0
Edgecombe County,NC-065,NC,0
Forsyth County,NC-067,NC,0
Franklin County,NC-069,NC,0
Gaston County,NC-071,NC,0
Gates County,NC-073,NC,0
Graham County,NC-075,NC,0
Granville County,NC-077,NC,0
Greene County,NC-079,NC,0
Guilford County,NC-081,NC,0
Halifax County,NC-083,NC,0
Harnett County,NC-085,NC,0
Haywood County,NC-087,NC,0
Henderson County,NC-089,NC,0
Hertford County,NC-091,NC,0
Hoke County,NC-093,NC,0
Hyde County,NC-095,NC,0
Iredell County,NC-097,NC,0
Jackson County,NC-099,NC,0
Johnston County,NC-101,NC,0
Jones County,NC-103,NC,0
Lee County,NC-105,NC,0
Lenoir County,NC-107,NC,0
Lincoln County,NC-109,NC,0
Macon County,NC-113,NC,0
Madison County,NC-115,NC,0
Martin County,NC-117,NC,0
McDowell County,NC-111,NC,0
Mecklenburg County,NC-119,NC,0
Mitchell County,NC-121,NC,0
Montgomery County,NC-123,NC,0
Moore County,NC-125,NC,0
Nash County,NC-127,NC,0
New Hanover County,NC-129,NC,0
Northampton County,NC-131,NC,0
Onslow County,NC-133,NC,0
Orange County,NC-135,NC,0
Pamlico County,NC-137,NC,0
Pasquotank County,NC-139,NC,0
Pender County,NC-141,NC,0
Perquimans County,NC-143,NC,0
Person County,NC-145,NC,0
Pitt County,NC-147,NC,0
Polk County,NC-149,NC,0
Randolph County,NC-151,NC,0
Richmond County,NC-153,NC,0
Robeson County,NC-155,NC,0
Rockingham County,NC-157,NC,0
Rowan County,NC-159,NC,0
Rutherford County,NC-161,NC,0
Sampson County,NC-163,NC,0
Scotland County,NC-165,NC,0
Stanly County,NC-167,NC,0
Stokes County,NC-169,NC,0
Surry County,NC-171,NC,0
Swain County,NC-173,NC,0
Transylvania County,NC-175,NC,0
Tyrrell County,NC-177,NC,0
Union County,NC-179,NC,0
Vance County,NC-181,NC,0
Wake County,NC-183,NC,0
Warren County,NC-185,NC,0
Washington County,NC-187,NC,0
Watauga County,NC-189,NC,0
Wayne County,NC-191,NC,0
Wilkes County,NC-193,NC,0
Wilson County,NC-195,NC,0
Yadkin County,NC-197,NC,0
Yancey County,NC-199,NC,0
Adams County,ND-001,ND,1
Barnes County,ND-003,ND,1
Benson County,ND-005,ND,1
Billings County,ND-007,ND,1
Bottineau County,ND-009,ND,1
Bowman County,ND-011,ND,1
Burke County,ND-013,ND,1
Burleigh County,ND-015,ND,1
Cass County,ND-017,ND,1
Cavalier County,ND-019,ND,1
Dickey County,ND-021,ND,1
Divide County,ND-023,ND,1
Dunn County,ND-025,ND,1
Eddy County,ND-027,ND,1
Emmons County,ND-029,ND,1
Foster County,ND-031,ND,1
Golden Valley County,ND-033,ND,1
Grand Forks County,ND-035,ND,1
Grant County,ND-037,ND,1
Griggs County,ND-039,ND,1
Hettinger County,ND-041,ND,1
Kidder County,ND-043,ND,1
LaMoure County,ND-045,ND,1
Logan County,ND-047,ND,1
McHenry County,ND-049,ND,1
McIntosh County,ND-051,ND,1
McKenzie County,ND-053,ND,1
McLean County,ND-055,ND,1
Mercer County,ND-057,ND,1
Morton County,ND-059,ND,1
Mountrail County,ND-061,ND,1
Nelson County,ND-063,ND,1
Oliver County,ND-065,ND,1
Pembina County,ND-067,ND,1
Pierce County,ND-069,ND,1
Ramsey County,ND-071,ND,1
Ransom County,ND-073,ND,1
Renville County,ND-075,ND,1
Richland County,ND-077,ND,1
Rolette County,ND-079,ND,1
Sargent County,ND-081,ND,1
Sheridan County,ND-083,ND,1
Sioux County,ND-085,ND,1
Slope County,ND-087,ND,1
Stark County,ND-089,ND,1
Steele County,ND-091,ND,1
Stutsman County,ND-093,ND,1
Towner County,ND-095,ND,1
Traill County,ND-097,ND,1
Walsh County,ND-099,ND,1
Ward County,ND-101,ND,1
Wells County,ND-103,ND,1
Williams County,ND-105,ND,1
Adams County,OH-001,OH,1
Allen County,OH-003,OH,1
Ashland County,OH-005,OH,1
Ashtabula County,OH-007,OH,1
Athens County,OH-009,OH,1
Auglaize County,OH-011,OH,1
Belmont County,OH-013,OH,1
Brown County,OH-015,OH,1
Butler County,OH-017,OH,1
Carroll County,OH-019,OH,1
Champaign County,OH-021,OH,1
Clark County,OH-023,OH,1
Clermont County,OH-025,OH,1
Clinton County,OH-027,OH,1
Columbiana County,OH-029,OH,1
Coshocton County,OH-031,OH,1
Crawford County,OH-033,OH,1
Cuyahoga County,OH-035,OH,1
Darke County,OH-037,OH,1
Defiance County,OH-039,OH,1
Delaware County,OH-041,OH,1
Erie County,OH-043,OH,1
Fairfield County,OH-045,OH,1
Fayette County,OH-047,OH,1
Franklin County,OH-049,OH,1
Fulton County,OH-051,OH,1
Gallia County,OH-053,OH,1
Geauga County,OH-055,OH,1
Greene County,OH-057,OH,1
Guernsey County,OH-059,OH,1
Hamilton County,OH-061,OH,1
Hancock County,OH-063,OH,1
Hardin County,OH-065,OH,1
Harrison County,OH-067,OH,1
Henry County,OH-069,OH,1
Highland County,OH-071,OH,1
Hocking County,OH-073,OH,1
Holmes County,OH-075,OH,1
Huron County,OH-077,OH,1
Jackson County,OH-079,OH,1
Jefferson County,OH-081,OH,1
Knox County,OH-083,OH,1
Lake County,OH-085,OH,1
Lawrence County,OH-087,OH,1
Licking County,OH-089,OH,1
Logan County,OH-091,OH,1
Lorain County,OH-093,OH,1
Lucas County,OH-095,OH,1
Madison County,OH-097,OH,1
Mahoning County,OH-099,OH,1
Marion County,OH-101,OH,1
Medina County,OH-103,OH,1
Meigs County,OH-105,OH,1
Mercer County,OH-107,OH,1
Miami County,OH-109,OH,1
Monroe County,OH-111,OH,1
Montgomery County,OH-113,OH,1
Morgan County,OH-115,OH,1
Morrow County,OH-117,OH,1
Muskingum County,OH-119,OH,1
Noble County,OH-121,OH,1
Ottawa County,OH-123,OH,1
Paulding County,OH-125,OH,1
Perry County,OH-127,OH,1
Pickaway County,OH-129,OH,1
Pike County,OH-131,OH,1
Portage County,OH-133,OH,1
Preble County,OH-135,OH,1
Putnam County,OH-137,OH,1
Richland County,OH-139,OH,1
Ross County,OH-141,OH,1
Sandusky County,OH-143,OH,1
Scioto County,OH-145,OH,1
Seneca County,OH-147,OH,1
Shelby County,OH-149,OH,1
Stark County,OH-151,OH,1
Summit County,OH-153,OH,1
Trumbull County,OH-155,OH,1
Tuscarawas County,OH-157,OH,1
Union County,OH-159,OH,1
Van Wert County,OH-161,OH,1
Vinton County,OH-163,OH,1
Warren County,OH-165,OH,1
Washington County,OH-167,OH,1
Wayne County,OH-169,OH,1
Williams County,OH-171,OH,1
Wood County,OH-173,OH,1
Wyandot County,OH-175,OH,1
Adair County,OK-001,OK,1
Alfalfa County,OK-003,OK,1
Atoka County,OK-005,OK,1
Beaver County,OK-007,OK,1
Beckham County,OK-009,OK,1
Blaine County,OK-011,OK,1
Bryan County,OK-013,OK,1
Caddo County,OK-015,OK,1
Canadian County,OK-017,OK,1
Carter County,OK-019,OK,1
Cherokee County,OK-021,OK,1
Choctaw County,OK-023,OK,1
Cimarron County,OK-025,OK,1
Cleveland County,OK-027,OK,1
Coal County,OK-029,OK,1
Comanche County,OK-031,OK,1
Cotton County,OK-033,OK,1
Craig County,OK-035,OK,1
Creek County,OK-037,OK,1
Custer County,OK-039,OK,1
Delaware County,OK-041,OK,1
Dewey County,OK-043,OK,1
Ellis County,OK-045,OK,1
Garfield County,OK-047,OK,1
Garvin County,OK-049,OK,1
Grady County,OK-051,OK,1
Grant County,OK-053,OK,1
Greer County,OK-055,OK,1
Harmon County,OK-057,OK,1
Harper County,OK-059,OK,1
Haskell County,OK-061,OK,1
Hughes County,OK-063,OK,1
Jackson County,OK-065,OK,1
Jefferson County,OK-067,OK,1
Johnston County,OK-069,OK,1
Kay County,OK-071,OK,1
Kingfisher County,OK-073,OK,1
Kiowa County,OK-075,OK,1
Latimer County,OK-077,OK,1
Le Flore County,OK-079,OK,1
Lincoln County,OK-081,OK,1
Logan County,OK-083,OK,1
Love County,OK-085,OK,1
Major County,OK-093,OK,1
Marshall County,OK-095,OK,1
Mayes County,OK-097,OK,1
McClain County,OK-087,OK,1
McCurtain County,OK-089,OK,1
McIntosh County,OK-091,OK,1
Murray County,OK-099,OK,1
Muskogee County,OK-101,OK,1
Noble County,OK-103,OK,1
Nowata County,OK-105,OK,1
Okfuskee County,OK-107,OK,1
Oklahoma County,OK-109,OK,1
Okmulgee County,OK-111,OK,1
Osage County,OK-113,OK,1
Ottawa County,OK-115,OK,1
Pawnee County,OK-117,OK,1
Payne County,OK-119,OK,1
Pittsburg County,OK-121,OK,1
Pontotoc County,OK-123,OK,1
Pottawatomie County,OK-125,OK,1
Pushmataha County,OK-127,OK,1
Roger Mills County,OK-129,OK,1
Rogers County,OK-131,OK,1
Seminole County,OK-133,OK,1
Sequoyah County,OK-135,OK,1
Stephens County,OK-137,OK,1
Texas County,OK-139,OK,1
Tillman County,OK-141,OK,1
Tulsa County,OK-143,OK,1
Wagoner County,OK-145,OK,1
Washington County,OK-147,OK,1
Washita County,OK-149,OK,1
Woods County,OK-151,OK,1
Woodward County,OK-153,OK,1
Baker County,OR-001,OR,0
Benton County,OR-003,OR,0
Clackamas County,OR-005,OR,0
Clatsop County,OR-007,OR,0
Columbia County,OR-009,OR,0
Coos County,OR-011,OR,0
Crook County,OR-013,OR,0
Curry County,OR-015,OR,0
Deschutes County,OR-017,OR,0
Douglas County,OR-019,OR,0
Gilliam County,OR-021,OR,0
Grant County,OR-023,OR,0
Harney County,OR-025,OR,0
Hood River County,OR-027,OR,0
Jackson County,OR-029,OR,0
Jefferson County,OR-031,OR,0
Josephine County,OR-033,OR,0
Klamath County,OR-035,OR,0
Lake County,OR-037,OR,0
Lane County,OR-039,OR,0
Lincoln County,OR-041,OR,0
Linn County,OR-043,OR,0
Malheur County,OR-045,OR,0
Marion County,OR-047,OR,0
Morrow County,OR-049,OR,0
Multnomah County,OR-051,OR,0
Polk County,OR-053,OR,0
Sherman County,OR-055,OR,0
Tillamook County,OR-057,OR,0
Umatilla County,OR-059,OR,0
Union County,OR-061,OR,0
Wallowa County,OR-063,OR,0
Wasco County,OR-065,OR,0
Washington County,OR-067,OR,0
Wheeler County,OR-069,OR,0
Yamhill County,OR-071,OR,0
Adams County,PA-001,PA,0
Allegheny County,PA-003,PA,0
Armstrong County,PA-005,PA,0
Beaver County,PA-007,PA,0
Bedford County,PA-009,PA,0
Berks County,PA-011,PA,0
Blair County,PA-013,PA,0
Bradford County,PA-015,PA,0
Bucks County,PA-017,PA,0
Butler County,PA-019,PA,0
Cambria County,PA-021,PA,0
Cameron County,PA-023,PA,0
Carbon County,PA-025,PA,0
Centre County,PA-027,PA,0
Chester County,PA-029,PA,0
Clarion County,PA-031,PA,0
Clearfield County,PA-033,PA,0
Clinton County,PA-035,PA,0
Columbia County,PA-037,PA,0
Crawford County,PA-039,PA,0
Cumberland County,PA-041,PA,0
Dauphin County,PA-043,PA,0
Delaware County,PA-045,PA,0
Elk County,PA-047,PA,0
Erie County,PA-049,PA,0
Fayette County,PA-051,PA,0
Forest County,PA-053,PA,0
Franklin County,PA-055,PA,0
Fulton County,PA-057,PA,0
Greene County,PA-059,PA,0
Huntingdon County,PA-061,PA,0
Indiana County,PA-063,PA,0
Jefferson County,PA-065,PA,0
Juniata County,PA-067,PA,0
Lackawanna County,PA-069,PA,0
Lancaster County,PA-071,PA,0
Lawrence County,PA-073,PA,0
Lebanon County,PA-075,PA,0
Lehigh County,PA-077,PA,0
Luzerne County,PA-079,PA,0
Lycoming County,PA-081,PA,0
McKean County,PA-083,PA,0
Mercer County,PA-085,PA,0
Mifflin County,PA-087,PA,0
Monroe County,PA-089,PA,0
Montgomery County,PA-091,PA,0
Montour County,PA-093,PA,0
Northampton County,PA-095,PA,0
Northumberland County,PA-097,PA,0
Perry County,PA-099,PA,0
Philadelphia County,PA-101,PA,0
Pike County,PA-103,PA,0
Potter County,PA-105,PA,0
Schuylkill County,PA-107,PA,0
Snyder County,PA-109,PA,0
Somerset County,PA-111,PA,0
Sullivan County,PA-113,PA,0
Susquehanna County,PA-115,PA,0
Tioga County,PA-117,PA,0
Union County,PA-119,PA,0
Venango County,PA-121,PA,0
Warren County,PA-123,PA,0
Washington County,PA-125,PA,0
Wayne County,PA-127,PA,0
Westmoreland County,PA-129,PA,0
Wyoming County,PA-131,PA,0
York County,PA-133,PA,0
Bristol County,RI-001,RI,0
Kent County,RI-003,RI,0
Newport County,RI-005,RI,0
Providence County,RI-007,RI,0
Washington County,RI-009,RI,0
Abbeville County,SC-001,SC,1
Aiken County,SC-003,SC,1
Allendale County,SC-005,SC,1
Anderson County,SC-007,SC,1
Bamberg County,SC-009,SC,1
Barnwell County,SC-011,SC,1
Beaufort County,SC-013,SC,1
Berkeley County,SC-015,SC,1
Calhoun County,SC-017,SC,1
Charleston County,SC-019,SC,1
Cherokee County,SC-021,SC,1
Chester County,SC-023,SC,1
Chesterfield County,SC-025,SC,1
Clarendon County,SC-027,SC,1
Colleton County,SC-029,SC,1
Darlington County,SC-031,SC,1
Dillon County,SC-033,SC,1
Dorchester County,SC-035,SC,1
Edgefield County,SC-037,SC,1
Fairfield County,SC-039,SC,1
Florence County,SC-041,SC,1
Georgetown County,SC-043,SC,1
Greenville County,SC-045,SC,1
Greenwood County,SC-047,SC,1
Hampton County,SC-049,SC,1
Horry County,SC-051,SC,1
Jasper County,SC-053,SC,1
Kershaw County,SC-055,SC,1
Lancaster County,SC-057,SC,1
Laurens County,SC-059,SC,1
Lee County,SC-061,SC,1
Lexington County,SC-063,SC,1
Marion County,SC-067,SC,1
Marlboro County,SC-069,SC,1
McCormick County,SC-065,SC,1
Newberry County,SC-071,SC,1
Oconee County,SC-073,SC,1
Orangeburg County,SC-075,SC,1
Pickens County,SC-077,SC,1
Richland County,SC-079,SC,1
Saluda County,SC-081,SC,1
Spartanburg County,SC-083,SC,1
Sumter County,SC-085,SC,1
Union County,SC-087,SC,1
Williamsburg County,SC-089,SC,1
York County,SC-091,SC,1
Aurora County,SD-003,SD,1
Beadle County,SD-005,SD,1
Bennett County,SD-007,SD,1
Bon Homme County,SD-009,SD,1
Brookings County,SD-011,SD,1
Brown County,SD-013,SD,1
Brule County,SD-015,SD,1
Buffalo County,SD-017,SD,1
Butte County,SD-019,SD,1
Campbell County,SD-021,SD,1
Charles Mix County,SD-023,SD,1
Clark County,SD-025,SD,1
Clay County,SD-027,SD,1
Codington County,SD-029,SD,1
Corson County,SD-031,SD,1
Custer County,SD-033,SD,1
Davison County,SD-035,SD,1
Day County,SD-037,SD,1
Deuel County,SD-039,SD,1
Dewey County,SD-041,SD,1
Douglas County,SD-043,SD,1
Edmunds County,SD-045,SD,1
Fall River County,SD-047,SD,1
Faulk County,SD-049,SD,1
Grant County,SD-051,SD,1
Gregory County,SD-053,SD,1
Haakon County,SD-055,SD,1
Hamlin County,SD-057,SD,1
Hand County,SD-059,SD,1
Hanson County,SD-061,SD,1
Harding County,SD-063,SD,1
Hughes County,SD-065,SD,1
Hutchinson County,SD-067,SD,1
Hyde County,SD-069,SD,1
Jackson County,SD-071,SD,1
Jerauld County,SD-073,SD,1
Jones County,SD-075,SD,1
Kingsbury County,SD-077,SD,1
Lake County,SD-079,SD,1
Lawrence County,SD-081,SD,1
Lincoln County,SD-083,SD,1
Lyman County,SD-085,SD,1
Marshall County,SD-091,SD,1
McCook County,SD-087,SD,1
McPherson County,SD-089,SD,1
Meade County,SD-093,SD,1
Mellette County,SD-095,SD,1
Miner County,SD-097,SD,1
Minnehaha County,SD-099,SD,1
Moody County,SD-101,SD,1
Oglala Lakota County,SD-102,SD,1
Pennington County,SD-103,SD,1
Perkins County,SD-105,SD,1
Potter County,SD-107,SD,1
Roberts County,SD-109,SD,1
Sanborn County,SD-111,SD,1
Spink County,SD-115,SD,1
Stanley County,SD-117,SD,1
Sully County,SD-119,SD,1
Todd County,SD-121,SD,1
Tripp County,SD-123,SD,1
Turner County,SD-125,SD,1
Union County,SD-127,SD,1
Walworth County,SD-129,SD,1
Yankton County,SD-135,SD,1
Ziebach County,SD-137,SD,1
Anderson County,TN-001,TN,1
Bedford County,TN-003,TN,1
Benton County,TN-005,TN,1
Bledsoe County,TN-007,TN,1
Blount County,TN-009,TN,1
Bradley County,TN-011,TN,1
Campbell County,TN-013,TN,1
Cannon County,TN-015,TN,1
Carroll County,TN-017,TN,1
Carter County,TN-019,TN,1
Cheatham County,TN-021,TN,1
Chester County,TN-023,TN,1
Claiborne County,TN-025,TN,1
Clay County,TN-027,TN,1
Cocke County,TN-029,TN,1
Coffee County,TN-031,TN,1
Crockett County,TN-033,TN,1
Cumberland County,TN-035,TN,1
Davidson County,TN-037,TN,1
DeKalb County,TN-041,TN,1
Decatur County,TN-039,TN,1
Dickson County,TN-043,TN,1
Dyer County,TN-045,TN,1
Fayette County,TN-047,TN,1
Fentress County,TN-049,TN,1
Franklin County,TN-051,TN,1
Gibson County,TN-053,TN,1
Giles County,TN-055,TN,1
Grainger County,TN-057,TN,1
Greene County,TN-059,TN,1
Grundy County,TN-061,TN,1
Hamblen County,TN-063,TN,1
Hamilton County,TN-065,TN,1
Hancock County,TN-067,TN,1
Hardeman County,TN-069,TN,1
Hardin County,TN-071,TN,1
Hawkins County,TN-073,TN,1
Haywood County,TN-075,TN,1
Henderson County,TN-077,TN,1
Henry County,TN-079,TN,1
Hickman County,TN-081,TN,1
Houston County,TN-083,TN,1
Humphreys County,TN-085,TN,1
Jackson County,TN-087,TN,1
Jefferson County,TN-089,TN,1
Johnson County,TN-091,TN,1
Knox County,TN-093,TN,1
Lake County,TN-095,TN,1
Lauderdale County,TN-097,TN,1
Lawrence County,TN-099,TN,1
Lewis County,TN-101,TN,1
Lincoln County,TN-103,TN,1
Loudon County,TN-105,TN,1
Macon County,TN-111,TN,1
Madison County,TN-113,TN,1
Marion County,TN-115,TN,1
Marshall County,TN-117,TN,1
Maury County,TN-119,TN,1
McMinn County,TN-107,TN,1
McNairy County,TN-109,TN,1
Meigs County,TN-121,TN,1
Monroe County,TN-123,TN,1
Montgomery County,TN-125,TN,1
Moore County,TN-127,TN,1
Morgan County,TN-129,TN,1
Obion County,TN-131,TN,1
Overton County,TN-133,TN,1
Perry County,TN-135,TN,1
Pickett County,TN-137,TN,1
Polk County,TN-139,TN,1
Putnam County,TN-141,TN,1
Rhea County,TN-143,TN,1
Roane County,TN-145,TN,1
Robertson County,TN-147,TN,1
Rutherford County,TN-149,TN,1
Scott County,TN-151,TN,1
Sequatchie County,TN-153,TN,1
Sevier County,TN-155,TN,1
Shelby County,TN-157,TN,1
Smith County,TN-159,TN,1
Stewart County,TN-161,TN,1
Sullivan County,TN-163,TN,1
Sumner County,TN-165,TN,1
Tipton County,TN-167,TN,1
Trousdale County,TN-169,TN,1
Unicoi County,TN-171,TN,1
Union County,TN-173,TN,1
Van Buren County,TN-175,TN,1
Warren County,TN-177,TN,1
Washington County,TN-179,TN,1
Wayne County,TN-181,TN,1
Weakley County,TN-183,TN,1
White County,TN-185,TN,1
Williamson County,TN-187,TN,1
Wilson County,TN-189,TN,1
Anderson County,TX-001,TX,1
Andrews County,TX-003,TX,1
Angelina County,TX-005,TX,1
Aransas County,TX-007,TX,1
Archer County,TX-009,TX,1
Armstrong County,TX-011,TX,1
Atascosa County,TX-013,TX,1
Austin County,TX-015,TX,1
Bailey County,TX-017,TX,1
Bandera County,TX-019,TX,1
Bastrop County,TX-021,TX,1
Baylor County,TX-023,TX,1
Bee County,TX-025,TX,1
Bell County,TX-027,TX,1
Bexar County,TX-029,TX,1
Blanco County,TX-031,TX,1
Borden County,TX-033,TX,1
Bosque County,TX-035,TX,1
Bowie County,TX-037,TX,1
Brazoria County,TX-039,TX,1
Brazos County,TX-041,TX,1
Brewster County,TX-043,TX,1
Briscoe County,TX-045,TX,1
Brooks County,TX-047,TX,1
Brown County,TX-049,TX,1
Burleson County,TX-051,TX,1
Burnet County,TX-053,TX,1
Caldwell County,TX-055,TX,1
Calhoun County,TX-057,TX,1
Callahan County,TX-059,TX,1
Cameron County,TX-061,TX,1
Camp County,TX-063,TX,1
Carson County,TX-065,TX,1
Cass County,TX-067,TX,1
Castro County,TX-069,TX,1
Chambers County,TX-071,TX,1
Cherokee County,TX-073,TX,1
Childress County,TX-075,TX,1
Clay County,TX-077,TX,1
Cochran County,TX-079,TX,1
Coke County,TX-081,TX,1
Coleman County,TX-083,TX,1
Collin County,TX-085,TX,1
Collingsworth County,TX-087,TX,1
Colorado County,TX-089,TX,1
Comal County,TX-091,TX,1
Comanche County,TX-093,TX,1
Concho County,TX-095,TX,1
Cooke County,TX-097,TX,1
Coryell County,TX-099,TX,1
Cottle County,TX-101,TX,1
Crane County,TX-103,TX,1
Crockett County,TX-105,TX,1
Crosby County,TX-107,TX,1
Culberson County,TX-109,TX,1
Dallam County,TX-111,TX,1
Dallas County,TX-113,TX,1
Dawson County,TX-115,TX,1
DeWitt County,TX-123,TX,1
Deaf Smith County,TX-117,TX,1
Delta County,TX-119,TX,1
Denton County,TX-121,TX,1
Dickens County,TX-125,TX,1
Dimmit County,TX-127,TX,1
Donley County,TX-129,TX,1
Duval County,TX-131,TX,1
Eastland County,TX-133,TX,1
Ector County,TX-135,TX,1
Edwards County,TX-137,TX,1
El Paso County,TX-141,TX,1
Ellis County,TX-139,TX,1
Erath County,TX-143,TX,1
Falls County,TX-145,TX,1
Fannin County,TX-147,TX,1
Fayette County,TX-149,TX,1
Fisher County,TX-151,TX,1
Floyd County,TX-153,TX,1
Foard County,TX-155,TX,1
Fort Bend County,TX-157,TX,1
Franklin County,TX-159,TX,1
Freestone County,TX-161,TX,1
Frio County,TX-163,TX,1
Gaines County,TX-165,TX,1
Galveston County,TX-167,TX,1
Garza County,TX-169,TX,1
Gillespie County,TX-171,TX,1
Glasscock County,TX-173,TX,1
Goliad County,TX-175,TX,1
Gonzales County,TX-177,TX,1
Gray County,TX-179,TX,1
Grayson County,TX-181,TX,1
Gregg County,TX-183,TX,1
Grimes County,TX-185,TX,1
Guadalupe County,TX-187,TX,1
Hale County,TX-189,TX,1
Hall County,TX-191,TX,1
Hamilton County,TX-193,TX,1
Hansford County,TX-195,TX,1
Hardeman County,TX-197,TX,1
Hardin County,TX-199,TX,1
Harris County,TX-201,TX,1
Harrison County,TX-203,TX,1
Hartley County,TX-205,TX,1
Haskell County,TX-207,TX,1
Hays County,TX-209,TX,1
Hemphill County,TX-211,TX,1
Henderson County,TX-213,TX,1
Hidalgo County,TX-215,TX,1
Hill County,TX-217,TX,1
Hockley County,TX-219,TX,1
Hood County,TX-221,TX,1
Hopkins County,TX-223,TX,1
Houston County,TX-225,TX,1
Howard County,TX-227,TX,1
Hudspeth County,TX-229,TX,1
Hunt County,TX-231,TX,1
Hutchinson County,TX-233,TX,1
Irion County,TX-235,TX,1
Jack County,TX-237,TX,1
Jackson County,TX-239,TX,1
Jasper County,TX-241,TX,1
Jeff Davis County,TX-243,TX,1
Jefferson County,TX-245,TX,1
Jim Hogg County,TX-247,TX,1
Jim Wells County,TX-249,TX,1
Johnson County,TX-251,TX,1
Jones County,TX-253,TX,1
Karnes County,TX-255,TX,1
Kaufman County,TX-257,TX,1
Kendall County,TX-259,TX,1
Kenedy County,TX-261,TX,1
Kent County,TX-263,TX,1
Kerr County,TX-265,TX,1
Kimble County,TX-267,TX,1
King County,TX-269,TX,1
Kinney County,TX-271,TX,1
Kleberg County,TX-273,TX,1
Knox County,TX-275,TX,1
La Salle County,TX-283,TX,1
Lamar County,TX-277,TX,1
Lamb County,TX-279,TX,1
Lampasas County,TX-281,TX,1
Lavaca County,TX-285,TX,1
Lee County,TX-287,TX,1
Leon County,TX-289,TX,1
Liberty County,TX-291,TX,1
Limestone County,TX-293,TX,1
Lipscomb County,TX-295,TX,1
Live Oak County,TX-297,TX,1
Llano County,TX-299,TX,1
Loving County,TX-301,TX,1
Lubbock County,TX-303,TX,1
Lynn County,TX-305,TX,1
Madison County,TX-313,TX,1
Marion County,TX-315,TX,1
Martin County,TX-317,TX,1
Mason County,TX-319,TX,1
Matagorda County,TX-321,TX,1
Maverick County,TX-323,TX,1
McCulloch County,TX-307,TX,1
McLennan County,TX-309,TX,1
McMullen County,TX-311,TX,1
Medina County,TX-325,TX,1
Menard County,TX-327,TX,1
Midland County,TX-329,TX,1
Milam County,TX-331,TX,1
Mills County,TX-333,TX,1
Mitchell County,TX-335,TX,1
Montague County,TX-337,TX,1
Montgomery County,TX-339,TX,1
Moore County,TX-341,TX,1
Morris County,TX-343,TX,1
Motley County,TX-345,TX,1
Nacogdoches County,TX-347,TX,1
Navarro County,TX-349,TX,1
Newton County,TX-351,TX,1
Nolan County,TX-353,TX,1
Nueces County,TX-355,TX,1
Ochiltree County,TX-357,TX,1
Oldham County,TX-359,TX,1
Orange County,TX-361,TX,1
Palo Pinto County,TX-363,TX,1
Panola County,TX-365,TX,1
Parker County,TX-367,TX,1
Parmer County,TX-369,TX,1
Pecos County,TX-371,TX,1
Polk County,TX-373,TX,1
Potter County,TX-375,TX,1
Presidio County,TX-377,TX,1
Rains County,TX-379,TX,1
Randall County,TX-381,TX,1
Reagan County,TX-383,TX,1
Real County,TX-385,TX,1
Red River County,TX-387,TX,1
Reeves County,TX-389,TX,1
Refugio County,TX-391,TX,1
Roberts County,TX-393,TX,1
Robertson County,TX-395,TX,1
Rockwall County,TX-397,TX,1
Runnels County,TX-399,TX,1
Rusk County,TX-401,TX,1
Sabine County,TX-403,TX,1
San Augustine County,TX-405,TX,1
San Jacinto County,TX-407,TX,1
San Patricio County,TX-409,TX,1
San Saba County,TX-411,TX,1
Schleicher County,TX-413,TX,1
Scurry County,TX-415,TX,1
Shackelford County,TX-417,TX,1
Shelby County,TX-419,TX,1
Sherman County,TX-421,TX,1
Smith County,TX-423,TX,1
Somervell County,TX-425,TX,1
Starr County,TX-427,TX,1
Stephens County,TX-429,TX,1
Sterling County,TX-431,TX,1
Stonewall County,TX-433,TX,1
Sutton County,TX-435,TX,1
Swisher County,TX-437,TX,1
Tarrant County,TX-439,TX,1
Taylor County,TX-441,TX,1
Terrell County,TX-443,TX,1
Terry County,TX-445,TX,1
Throckmorton County,TX-447,TX,1
Titus County,TX-449,TX,1
Tom Green County,TX-451,TX,1
Travis County,TX-453,TX,1
Trinity County,TX-455,TX,1
Tyler County,TX-457,TX,1
Upshur County,TX-459,TX,1
Upton County,TX-461,TX,1
Uvalde County,TX-463,TX,1
Val Verde County,TX-465,TX,1
Van Zandt County,TX-467,TX,1
Victoria County,TX-469,TX,1
Walker County,TX-471,TX,1
Waller County,TX-473,TX,1
Ward County,TX-475,TX,1
Washington County,TX-477,TX,1
Webb County,TX-479,TX,1
Wharton County,TX-481,TX,1
Wheeler County,TX-483,TX,1
Wichita County,TX-485,TX,1
Wilbarger County,TX-487,TX,1
Willacy County,TX-489,TX,1
Williamson County,TX-491,TX,1
Wilson County,TX-493,TX,1
Winkler County,TX-495,TX,1
Wise County,TX-497,TX,1
Wood County,TX-499,TX,1
Yoakum County,TX-501,TX,1
Young County,TX-503,TX,1
Zapata County,TX-505,TX,1
Zavala County,TX-507,TX,1
Beaver County,UT-001,UT,1
Box Elder County,UT-003,UT,1
Cache County,UT-005,UT,1
Carbon County,UT-007,UT,1
Daggett County,UT-009,UT,1
Davis County,UT-011,UT,1
Duchesne County,UT-013,UT,1
Emery County,UT-015,UT,1
Garfield County,UT-017,UT,1
Grand County,UT-019,UT,1
Iron County,UT-021,UT,1
Juab County,UT-023,UT,1
Kane County,UT-025,UT,1
Millard County,UT-027,UT,1
Morgan County,UT-029,UT,1
Piute County,UT-031,UT,1
Rich County,UT-033,UT,1
Salt Lake County,UT-035,UT,1
San Juan County,UT-037,UT,1
Sanpete County,UT-039,UT,1
Sevier County,UT-041,UT,1
Summit County,UT-043,UT,1
Tooele County,UT-045,UT,1
Uintah County,UT-047,UT,1
Utah County,UT-049,UT,1
Wasatch County,UT-051,UT,1
Washington County,UT-053,UT,1
Wayne County,UT-055,UT,1
Weber County,UT-057,UT,1
Addison County,VT-001,VT,1
Bennington County,VT-003,VT,1
Caledonia County,VT-005,VT,1
Chittenden County,VT-007,VT,1
Essex County,VT-009,VT,1
Franklin County,VT-011,VT,1
Grand Isle County,VT-013,VT,1
Lamoille County,VT-015,VT,1
Orange County,VT-017,VT,1
Orleans County,VT-019,VT,1
Rutland County,VT-021,VT,1
Washington County,VT-023,VT,1
Windham County,VT-025,VT,1
Windsor County,VT-027,VT,1
Accomack County,VA-001,VA,1
Albemarle County,VA-003,VA,1
Alexandria City,VA-510,VA,1
Alleghany County,VA-005,VA,1
Amelia County,VA-007,VA,1
Amherst County,VA-009,VA,1
Appomattox County,VA-011,VA,1
Arlington County,VA-013,VA,1
Augusta County,VA-015,VA,1
Bath County,VA-017,VA,1
Bedford County,VA-019,VA,1
Bland County,VA-021,VA,1
Botetourt County,VA-023,VA,1
Bristol City,VA-520,VA,1
Brunswick County,VA-025,VA,1
Buchanan County,VA-027,VA,1
Buckingham County,VA-029,VA,1
Buena Vista City,VA-530,VA,1
Campbell County,VA-031,VA,1
Caroline County,VA-033,VA,1
Carroll County,VA-035,VA,1
Charles City County,VA-036,VA,1
Charlotte County,VA-037,VA,1
Charlottesville City,VA-540,VA,1
Chesapeake City,VA-550,VA,1
Chesterfield County,VA-041,VA,1
Clarke County,VA-043,VA,1
Colonial Heights City,VA-570,VA,1
Covington City,VA-580,VA,1
Craig County,VA-045,VA,1
Culpeper County,VA-047,VA,1
Cumberland County,VA-049,VA,1
Danville City,VA-590,VA,1
Dickenson County,VA-051,VA,1
Dinwiddie County,VA-053,VA,1
Emporia City,VA-595,VA,1
Essex County,VA-057,VA,1
Fairfax City,VA-600,VA,1
Fairfax County,VA-059,VA,1
Falls Church City,VA-610,VA,1
Fauquier County,VA-061,VA,1
Floyd County,VA-063,VA,1
Fluvanna County,VA-065,VA,1
Franklin City,VA-620,VA,1
Franklin County,VA-067,VA,1
Frederick County,VA-069,VA,1
Fredericksburg City,VA-630,VA,1
Galax City,VA-640,VA,1
Giles County,VA-071,VA,1
Gloucester County,VA-073,VA,1
Goochland County,VA-075,VA,1
Grayson County,VA-077,VA,1
Greene County,VA-079,VA,1
Greensville County,VA-081,VA,1
Halifax County,VA-083,VA,1
Hampton City,VA-650,VA,1
Hanover County,VA-085,VA,1
Harrisonburg City,VA-660,VA,1
Henrico County,VA-087,VA,1
Henry County,VA-089,VA,1
Highland County,VA-091,VA,1
Hopewell City,VA-670,VA,1
Isle of Wight County,VA-093,VA,1
James City County,VA-095,VA,1
King George County,VA-099,VA,1
King William County,VA-101,VA,1
King and Queen County,VA-097,VA,1
Lancaster County,VA-103,VA,1
Lee County,VA-105,VA,1
Loudoun County,VA-107,VA,1
Louisa County,VA-109,VA,1
Lunenburg County,VA-111,VA,1
Lynchburg City,VA-680,VA,1
Madison County,VA-113,VA,1
Manassas City,VA-683,VA,1
Manassas Park City,VA-685,VA,1
Martinsville City,VA-690,VA,1
Mathews County,VA-115,VA,1
Mecklenburg County,VA-117,VA,1
Middlesex County,VA-119,VA,1
Montgomery County,VA-121,VA,1
Nelson County,VA-125,VA,1
New Kent County,VA-127,VA,1
Newport News City,VA-700,VA,1
Norfolk City,VA-710,VA,1
Northampton County,VA-131,VA,1
Northumberland County,VA-133,VA,1
Norton City,VA-720,VA,1
Nottoway County,VA-135,VA,1
Orange County,VA-137,VA,1
Page County,VA-139,VA,1
Patrick County,VA-141,VA,1
Petersburg City,VA-730,VA,1
Pittsylvania County,VA-143,VA,1
Poquoson City,VA-735,VA,1
Portsmouth City,VA-740,VA,1
Powhatan County,VA-145,VA,1
Prince Edward County,VA-147,VA,1
Prince George County,VA-149,VA,1
Prince William County,VA-153,VA,1
Pulaski County,VA-155,VA,1
Radford City,VA-750,VA,1
Rappahannock County,VA-157,VA,1
Richmond City,VA-760,VA,1
Richmond County,VA-159,VA,1
Roanoke City,VA-770,VA,1
Roanoke County,VA-161,VA,1
Rockbridge County,VA-163,VA,1
Rockingham County,VA-165,VA,1
Russell County,VA-167,VA,1
Salem City,VA-775,VA,1
Scott County,VA-169,VA,1
Shenandoah County,VA-171,VA,1
Smyth County,VA-173,VA,1
Southampton County,VA-175,VA,1
Spotsylvania County,VA-177,VA,1
Stafford County,VA-179,VA,1
Staunton City,VA-790,VA,1
Suffolk City,VA-800,VA,1
Surry County,VA-181,VA,1
Sussex County,VA-183,VA,1
Tazewell County,VA-185,VA,1
Virginia Beach City,VA-810,VA,1
Warren County,VA-187,VA,1
Washington County,VA-191,VA,1
Waynesboro City,VA-820,VA,1
Westmoreland County,VA-193,VA,1
Williamsburg City,VA-830,VA,1
Winchester City,VA-840,VA,1
Wise County,VA-195,VA,1
Wythe County,VA-197,VA,1
York County,VA-199,VA,1
Adams County,WA-001,WA,0
Asotin County,WA-003,WA,0
Benton County,WA-005,WA,0
Chelan County,WA-007,WA,0
Clallam County,WA-009,WA,0
Clark County,WA-011,WA,0
Columbia County,WA-013,WA,0
Cowlitz County,WA-015,WA,0
Douglas County,WA-017,WA,0
Ferry County,WA-019,WA,0
Franklin County,WA-021,WA,0
Garfield County,WA-023,WA,0
Grant County,WA-025,WA,0
Grays Harbor County,WA-027,WA,0
Island County,WA-029,WA,0
Jefferson County,WA-031,WA,0
King County,WA-033,WA,0
Kitsap County,WA-035,WA,0
Kittitas County,WA-037,WA,0
Klickitat County,WA-039,WA,0
Lewis County,WA-041,WA,0
Lincoln County,WA-043,WA,0
Mason County,WA-045,WA,0
Okanogan County,WA-047,WA,0
Pacific County,WA-049,WA,0
Pend Oreille County,WA-051,WA,0
Pierce County,WA-053,WA,0
San Juan County,WA-055,WA,0
Skagit County,WA-057,WA,0
Skamania County,WA-059,WA,0
Snohomish County,WA-061,WA,0
Spokane County,WA-063,WA,0
Stevens County,WA-065,WA,0
Thurston County,WA-067,WA,0
Wahkiakum County,WA-069,WA,0
Walla Walla County,WA-071,WA,0
Whatcom County,WA-073,WA,0
Whitman County,WA-075,WA,0
Yakima County,WA-077,WA,0
Barbour County,WV-001,WV,1
Berkeley County,WV-003,WV,1
Boone County,WV-005,WV,1
Braxton County,WV-007,WV,1
Brooke County,WV-009,WV,1
Cabell County,WV-011,WV,1
Calhoun County,WV-013,WV,1
Clay County,WV-015,WV,1
Doddridge County,WV-017,WV,1
Fayette County,WV-019,WV,1
Gilmer County,WV-021,WV,1
Grant County,WV-023,WV,1
Greenbrier County,WV-025,WV,1
Hampshire County,WV-027,WV,1
Hancock County,WV-029,WV,1
Hardy County,WV-031,WV,1
Harrison County,WV-033,WV,1
Jackson County,WV-035,WV,1
Jefferson County,WV-037,WV,1
Kanawha County,WV-039,WV,1
Lewis County,WV-041,WV,1
Lincoln County,WV-043,WV,1
Logan County,WV-045,WV,1
Marion County,WV-049,WV,1
Marshall County,WV-051,WV,1
Mason County,WV-053,WV,1
McDowell County,WV-047,WV,1
Mercer County,WV-055,WV,1
Mineral County,WV-057,WV,1
Mingo County,WV-059,WV,1
Monongalia County,WV-061,WV,1
Monroe County,WV-063,WV,1
Morgan County,WV-065,WV,1
Nicholas County,WV-067,WV,1
Ohio County,WV-069,WV,1
Pendleton County,WV-071,WV,1
Pleasants County,WV-073,WV,1
Pocahontas County,WV-075,WV,1
Preston County,WV-077,WV,1
Putnam County,WV-079,WV,1
Raleigh County,WV-081,WV,1
Randolph County,WV-083,WV,1
Ritchie County,WV-085,WV,1
Roane County,WV-087,WV,1
Summers County,WV-089,WV,1
Taylor County,WV-091,WV,1
Tucker County,WV-093,WV,1
Tyler County,WV-095,WV,1
Upshur County,WV-097,WV,1
Wayne County,WV-099,WV,1
Webster County,WV-101,WV,1
Wetzel County,WV-103,WV,1
Wirt County,WV-105,WV,1
Wood County,WV-107,WV,1
Wyoming County,WV-109,WV,1
Adams County,WI-001,WI,0
Ashland County,WI-003,WI,0
Barron County,WI-005,WI,0
Bayfield County,WI-007,WI,0
Brown County,WI-009,WI,0
Buffalo County,WI-011,WI,0
Burnett County,WI-013,WI,0
Calumet County,WI-015,WI,0
Chippewa County,WI-017,WI,0
Clark County,WI-019,WI,0
Columbia County,WI-021,WI,0
Crawford County,WI-023,WI,0
Dane County,WI-025,WI,0
Dodge County,WI-027,WI,0
Door County,WI-029,WI,0
Douglas County,WI-031,WI,0
Dunn County,WI-033,WI,0
Eau Claire County,WI-035,WI,0
Florence County,WI-037,WI,0
Fond du Lac County,WI-039,WI,0
Forest County,WI-041,WI,0
Grant County,WI-043,WI,0
Green County,WI-045,WI,0
Green Lake County,WI-047,WI,0
Iowa County,WI-049,WI,0
Iron County,WI-051,WI,0
Jackson County,WI-053,WI,0
Jefferson County,WI-055,WI,0
Juneau County,WI-057,WI,0
Kenosha County,WI-059,WI,0
Kewaunee County,WI-061,WI,0
La Crosse County,WI-063,WI,0
Lafayette County,WI-065,WI,0
Langlade County,WI-067,WI,0
Lincoln County,WI-069,WI,0
Manitowoc County,WI-071,WI,0
Marathon County,WI-073,WI,0
Marinette County,WI-075,WI,0
Marquette County,WI-077,WI,0
Menominee County,WI-078,WI,0
Milwaukee County,WI-079,WI,0
Monroe County,WI-081,WI,0
Oconto County,WI-083,WI,0
Oneida County,WI-085,WI,0
Outagamie County,WI-087,WI,0
Ozaukee County,WI-089,WI,0
Pepin County,WI-091,WI,0
Pierce County,WI-093,WI,0
Polk County,WI-095,WI,0
Portage County,WI-097,WI,0
Price County,WI-099,WI,0
Racine County,WI-101,WI,0
Richland County,WI-103,WI,0
Rock County,WI-105,WI,0
Rusk County,WI-107,WI,0
Sauk County,WI-111,WI,0
Sawyer County,WI-113,WI,0
Shawano County,WI-115,WI,0
Sheboygan County,WI-117,WI,0
St. Croix County,WI-109,WI,0
Taylor County,WI-119,WI,0
Trempealeau County,WI-121,WI,0
Vernon County,WI-123,WI,0
Vilas County,WI-125,WI,0
Walworth County,WI-127,WI,0
Washburn County,WI-129,WI,0
Washington County,WI-131,WI,0
Waukesha County,WI-133,WI,0
Waupaca County,WI-135,WI,0
Waushara County,WI-137,WI,0
Winnebago County,WI-139,WI,0
Wood County,WI-141,WI,0
Albany County,WY-001,WY,1
Big Horn County,WY-003,WY,1
Campbell County,WY-005,WY,1
Carbon County,WY-007,WY,1
Converse County,WY-009,WY,1
Crook County,WY-011,WY,1
Fremont County,WY-013,WY,1
Goshen County,WY-015,WY,1
Hot Springs County,WY-017,WY,1
Johnson County,WY-019,WY,1
Laramie County,WY-021,WY,1
Lincoln County,WY-023,WY,1
Natrona County,WY-025,WY,1
Niobrara County,WY-027,WY,1
Park County,WY-029,WY,1
Platte County,WY-031,WY,1
Sheridan County,WY-033,WY,1
Sublette County,WY-035,WY,1
Sweetwater County,WY-037,WY,1
Teton County,WY-039,WY,1
Uinta County,WY-041,WY,1
Washakie County,WY-043,WY,1
Weston County,WY-045,WY,1
Aleutians East Borough,AK-013,AK,1
Aleutians West Census Area,AK-016,AK,1
Anchorage Municipality,AK-020,AK,1
Bethel Census Area,AK-050,AK,1
Bristol Bay Borough,AK-060,AK,1
Denali Borough,AK-068,AK,1
Dillingham Census Area,AK-070,AK,1
Fairbanks North Star Borough,AK-090,AK,1
Haines Borough,AK-100,AK,1
Hoonah-Angoon Census Area,AK-105,AK,1
Juneau City and Borough,AK-110,AK,1
Kenai Peninsula Borough,AK-122,AK,1
Ketchikan Gateway Borough,AK-130,AK,1
Kodiak Island Borough,AK-150,AK,1
Kusilvak Census Area,AK-158,AK,1
Lake and Peninsula Borough,AK-164,AK,1
Matanuska-Susitna Borough,AK-170,AK,1
Nome Census Area,AK-180,AK,1
North Slope Borough,AK-185,AK,1
Northwest Arctic Borough,AK-188,AK,1
Petersburg Borough,AK-195,AK,1
Prince of Wales-Hyder Census Area,AK-198,AK,1
Sitka City and Borough,AK-220,AK,1
Skagway Municipality,AK-230,AK,1
Southeast Fairbanks Census Area,AK-240,AK,1
Valdez-Cordova Census Area,AK-261,AK,1
Wrangell City and Borough,AK-275,AK,1
Yakutat City and Borough,AK-282,AK,1
Yukon-Koyukuk Census Area,AK-290,AK,1
Hawaii County,HI-001,HI,0
Honolulu County,HI-003,HI,0
Kauai County,HI-007,HI,0
Kalawao County,HI-005,HI,0
Maui County,HI-009,HI,0
