state_name,state_name_slug,state_code,state_code_slug,votesmart,title,party,name,name_slug,first_name,middle_name,last_name,name_suffix,goes_by,pronunciation,gender,ethnicity,religion,openly_lgbtq,date_of_birth,entered_office,term_end,biography,phone,fax,latitude,longitude,address_complete,address_number,address_prefix,address_street,address_sec_unit_type,address_sec_unit_num,address_city,address_state,address_zipcode,address_type,website,contact_page,facebook_url,twitter_handle,twitter_url,photo_url
Alabama,alabama,AL,al,27642,governor,republican,Kay Ivey,kay-ivey,Kay,NA,Ivey,NA,NA,KAY EYE-vee,female,white-american,baptist,NA,1944-10-15,2017-04-10,2023-01-01,"Kay Ellen Ivey (born October 15, 1944) is an American politician and educator who is the 54th and current Governor of Alabama since April 2017. Ivey, a member of the Republican Party, served as the 38th Alabama State Treasurer from 2003 to 2011, and later became the 30th Lieutenant Governor of Alabama; she was the first Republican woman elected in this state, serving from January 2011 until April 2017.",334-242-7900,334-242-4661,32.3773052,-86.3010403,"600 Dexter Avenue, Montgomery, AL 36130",600,NA,Dexter,NA,NA,Montgomery,AL,36130,Ave,https://governor.alabama.gov,https://governor.alabama.gov/contact,https://facebook.com/KayIveyAL,GovernorKayIvey,https://twitter.com/GovernorKayIvey,https://cdn.civil.services/us-governors/headshots/512x512/kay-ivey.jpg
Alaska,alaska,AK,ak,140395,governor,republican,Mike Dunleavy,mike-dunleavy,Mike,NA,Dunleavy,NA,NA,MYK DUN-lee-vee,male,white-american,christian,NA,1961-05-05,2018-12-03,2022-01-01,"Mike J. Dunleavy (born May 5, 1961) is an American politician who is the 12th and current governor of Alaska, since 2018. A Republican, Dunleavy was a member of the Alaska Senate from 2013 through 2018. Dunleavy defeated former Democratic United States Senator Mark Begich in the 2018 gubernatorial election.",907-465-3500,907-465-3532,58.301677,-134.410995,"120 4th St, Juneau, AK 99801",120,NA,4th,NA,NA,Juneau,AK,99801,St,https://gov.alaska.gov/,https://gov.alaska.gov/contact/,https://facebook.com/GovDunleavy,GovDunleavy,https://twitter.com/GovDunleavy,https://cdn.civil.services/us-governors/headshots/512x512/mike-dunleavy.jpg
Arizona,arizona,AZ,az,123548,governor,republican,Douglas Ducey,douglas-ducey,Douglas,Anthony,Ducey,NA,Doug,DOAG DOO-see,male,white-american,roman-catholic,NA,1964-04-09,2015-01-05,2023-01-01,"Douglas Anthony Ducey (born April 9, 1964) is an American businessman who is the 23rd and current governor of the U.S. State of Arizona. He is a member of the Republican Party, and was sworn in as governor on January 5, 2015. Prior to his governorship, he served as the state's 42nd treasurer. He is also the first man to serve as Arizona Governor in over 17 years.",602-542-4331,602-542-7601,33.4481208,-112.0992236,"1700 West Washington Street, Phoenix, AZ 85007",1700,W,Washington,NA,NA,Phoenix,AZ,85007,St,https://azgovernor.gov,https://azgovernor.gov/engage/form/contact-governor-ducey,https://facebook.com/dougducey,dougducey,https://twitter.com/dougducey,https://cdn.civil.services/us-governors/headshots/512x512/douglas-ducey.jpg
Arkansas,arkansas,AR,ar,732,governor,republican,Asa Hutchinson,asa-hutchinson,Asa,NA,Hutchinson,NA,NA,AY-suh HU-chin-sun,male,white-american,baptist,NA,1950-12-03,2015-01-13,2023-01-01,"William Asa Hutchinson II (born December 3, 1950) is an American businessman, attorney, politician who has been the 46th Governor of Arkansas since 2015. Previously he was U.S. Attorney for the Fort Smith-based Western District of Arkansas, U.S. Congressman from the Third District of Arkansas, Administrator of the U.S. Drug Enforcement Administration (DEA) and the first Undersecretary for Border & Transportation Security at the U.S. Department of Homeland Security.",501-682-2345,501-682-1382,34.746779,-92.2912417,"State Capitol Room 250, 500 Woodlane Street, Little Rock, AR 72201",NA,NA,State,NA,NA,NA,NA,NA,NA,https://governor.arkansas.gov,https://governor.arkansas.gov/contact-info,https://facebook.com/asaforarkansas,AsaHutchinson,https://twitter.com/AsaHutchinson,https://cdn.civil.services/us-governors/headshots/512x512/asa-hutchinson.jpg
California,california,CA,ca,70386,governor,democrat,Gavin Newsom,gavin-newsom,Gavin,NA,Newsom,NA,NA,GA-vin NOO-sum,male,white-american,unspecified,NA,1967-10-10,2019-01-07,2022-12-31,"Gavin Christopher Newsom is an American politician and businessman who is the 40th and current governor of California. A member of the Democratic Party, he previously served as the 49th Lieutenant Governor of California from 2011 to 2019 and as the 42nd Mayor of San Francisco from 2004 to 2011.",916-445-2841,916-558-3160,38.575263,-121.494735,"Office of the Governor, Suite 1173, Sacramento, CA 95814",NA,NA,of,Office,NA,NA,NA,NA,NA,https://gov.ca.gov/,https://govapps.gov.ca.gov/gov40mail/,https://facebook.com/GavinNewsom,GavinNewsom,https://twitter.com/GavinNewsom,https://cdn.civil.services/us-governors/headshots/512x512/gavin-newsom.jpg
Colorado,colorado,CO,co,106220,governor,democrat,Jared Polis,jared-polis,Jared,NA,Polis,NA,NA,JA-rid PAW-lis,male,white-american,jewish,NA,1975-05-12,2019-01-08,2022-12-31,"Jared Schutz Polis is an American politician, entrepreneur, and philanthropist who is the 43rd Governor of Colorado. From 2009 to 2019, he was the United States Representative for Colorado's 2nd congressional district. Polis was elected Governor of Colorado in 2018, making him the first openly gay man elected governor in the United States, the second openly LGBT person elected governor in the United States (after Governor Kate Brown of Oregon), and the first Jewish person elected governor of Colorado.",303-866-2471,303-866-2003,39.73921,-104.98497,"136 State Capitol, Denver CO, 80203-1792",136,NA,State Capitol,NA,NA,Denver,CO,80203,NA,https://www.colorado.gov/governor/,https://www.colorado.gov/governor/contact,https://facebook.com/PolisForColorado,jaredpolis,https://twitter.com/jaredpolis,https://cdn.civil.services/us-governors/headshots/512x512/jared-polis.jpg
Connecticut,connecticut,CT,ct,68381,governor,democrat,Edward Lamont,edward-lamont,Edward,NA,Lamont,NA,Ned,ED-werd LUH-mahnt,male,white-american,unspecified,NA,1954-01-03,2019-01-09,2022-12-31,Edward Miner Lamont Jr. is an American businessman and politician who is the 89th governor of Connecticut. He is a member of the Democratic Party.,800-406-1527,860-524-7395,41.7641979,-72.684661,"210 Capitol Avenue, Hartford CT, 61060",210,NA,Capitol,NA,NA,Hartford,CT,61060,Ave,https://portal.ct.gov/Office-of-the-Governor,https://portal.ct.gov/Office-of-the-Governor/Contact/Email-Governor-Lamont,https://facebook.com/NedLamontCT,GovNedLamont,https://twitter.com/GovNedLamont,https://cdn.civil.services/us-governors/headshots/512x512/edward-lamont.jpg
Delaware,delaware,DE,de,53658,governor,democrat,John Carney,john-carney,John,NA,Carney,NA,NA,JOAN KARR-nee,male,white-american,roman-catholic,NA,1956-05-20,2017-01-17,2023-01-01,"John Charles Carney Jr. (born May 20, 1956) is an American politician who is the 74th and current Governor of Delaware since January 2017. A member of the Democratic Party, he served as the U.S. Representative for Delaware's at-large congressional district from 2011 to 2017 prior to his governorship. Carney was also the 24th Lieutenant Governor of Delaware from 2001 to 2009 and served as Delaware's Secretary of Finance.",302-577-4101,302-739-2775,39.743532,-75.5484957,"Carvel State Office Building, 820 North French Street, 12th Floor, Wilmington, DE 19801",NA,NA,Carvel,NA,NA,NA,NA,NA,NA,https://governor.delaware.gov,https://delaware.gov/help/degov-contact.shtml,https://facebook.com/JohnCarneyDE,johncarneyde,https://twitter.com/johncarneyde,https://cdn.civil.services/us-governors/headshots/512x512/john-carney.jpg
Florida,florida,FL,fl,137630,governor,republican,Ronald DeSantis,ronald-desantis,Ronald,NA,DeSantis,NA,Ron,RAWN DI-SAHN-tis,male,white-american,christian,NA,1978-09-14,2019-01-08,2023-01-01,"Ronald Dion DeSantis is an American veteran and politician serving as the 46th and current Governor of Florida since 2019. A member of the Republican Party, he previously represented Florida's 6th congressional district in the United States House of Representatives from 2013 to 2018. After graduating from Yale University and Harvard Law School, DeSantis served as an officer and attorney in the Judge Advocate General's Corps, U.S. Navy (JAG).",850-488-7146,850-487-0801,30.4381,-84.28212,"PL 05 The Capitol, 400 South Monroe Street, Tallahassee, FL  32399-0001",NA,NA,PL,NA,NA,NA,NA,NA,NA,https://www.flgov.com/,https://www.flgov.com/contact-governor/,https://facebook.com/RonDeSantisFlorida,govrondesantis,https://twitter.com/govrondesantis,https://cdn.civil.services/us-governors/headshots/512x512/ronald-desantis.jpg
Georgia,georgia,GA,ga,31876,governor,republican,Brian Kemp,brian-kemp,Brian,NA,Kemp,NA,NA,BRY-an KEMP,male,white-american,christian,NA,1963-11-02,2019-01-14,2023-01-09,"Brian Porter Kemp is an American businessman and politician serving as the 83rd Governor of the U.S. state of Georgia. A member of the Republican Party, he previously was the 27th Secretary of State of Georgia from 2010 to 2018 and a member of the Georgia State Senate from 2003 until 2007.",404-656-1776,404-657-7332,33.74902,-84.38796,"206 Washington St, Ste 203, State Capitol, Atlanta, GA 30334",206,NA,Washington,Ste,203,NA,NA,NA,St,https://gov.georgia.gov/,https://gov.georgia.gov/contact-us,https://facebook.com/BrianKempGA,BrianKempGA,https://twitter.com/BrianKempGA,https://cdn.civil.services/us-governors/headshots/512x512/brian-kemp.jpg
Hawaii,hawaii,HI,hi,3406,governor,democrat,David Ige,david-ige,David,NA,Ige,NA,NA,DAY-vid EE-gay,male,pacific-islander,unspecified,NA,1957-01-15,2014-01-12,2022-01-01,"David Yutaka Ige (born January 15, 1957) is an American politician who serves as the eighth and current Governor of Hawaii, in office since 2014. A Democrat, he previously served in the Hawaii State Senate, representing the 16th district, from 1995 to 2014. In the 2014 Hawaii gubernatorial election, he won the Democratic primary by defeating incumbent Governor Neil Abercrombie with 66% of the vote.",808-586-0034,808-586-0006,21.307764,-157.8594961,"415 South Beretania Street, Honolulu, HI 96813",415,S,Beretania,NA,NA,Honolulu,HI,96813,St,https://governor.hawaii.gov,https://governor.hawaii.gov/contact-us/contact-the-governor/,https://facebook.com/GovernorDavidIge,GovHawaii,https://twitter.com/GovHawaii,https://cdn.civil.services/us-governors/headshots/512x512/david-ige.jpg
Idaho,idaho,ID,id,54166,governor,republican,Brad Little,brad-little,Brad,NA,Little,NA,NA,BRAD LI-tel,male,white-american,episcopalian,NA,1954-02-15,2019-01-01,2022-12-31,"Brad Little is the Republican Governor of Idaho. Little was elected to the office on November 6, 2018. Little was the 42nd Lieutenant Governor of Idaho, serving from 2009 to 2019. In his capacity as lieutenant governor, Little also served as president of the Idaho State Senate.",208-334-2100,208-334-2175,43.617779,-116.199654,"700 West Jefferson, Boise, ID 83702",700,W,Jefferson,NA,NA,Boise,ID,83702,NA,https://gov.idaho.gov/,https://gov.idaho.gov/contact-us/,https://facebook.com/bradlittleforidaho/,GovernorLittle,https://twitter.com/GovernorLittle,https://cdn.civil.services/us-governors/headshots/512x512/brad-little.jpg
Illinois,illinois,IL,il,18341,governor,democrat,J.B. Pritzker,jb-pritzker,J.B.,NA,Pritzker,NA,NA,J B PRITS-ker,male,white-american,unspecified,NA,1965-01-19,2019-01-01,2022-12-31,"J.B. Pritzker is the Democratic Governor of Illinois. Pritzker was elected to the office on November 6, 2018.",217-782-0244,217-524-4049,39.801149,-89.648686,"State Capitol, Springfield, IL 62706",NA,NA,State,NA,NA,NA,NA,NA,NA,https://www.illinois.gov/gov/,https://www2.illinois.gov/gov/contactus/Pages/default.aspx,https://facebook.com/jbpritzker,jbpritzker,https://twitter.com/jbpritzker,https://cdn.civil.services/us-governors/headshots/512x512/jb-pritzker.jpg
Indiana,indiana,IN,in,34349,governor,republican,Eric Holcomb,eric-holcomb,Eric,Joseph,Holcomb,NA,NA,E-rik HAWL-koam,male,white-american,church-of-god,NA,1968-05-02,2017-01-09,2025-01-01,"Eric Joseph Holcomb (born May 2, 1968) is an American politician who serves as the 51st and current Governor of Indiana since January 2017. Prior to his election to the governorship, he was also the 51st Lieutenant Governor of Indiana under Governor Mike Pence, now the 48th and current Vice President of the United States.",317-232-4567,317-232-3443,39.767169,-86.162628,"200 W. Washington St., Second Floor, Rm. 206, Indianapolis, IN 46204",200,W,Washington,NA,NA,NA,NA,NA,St,https://www.in.gov/gov/,https://www.in.gov/core/help.html,https://facebook.com/GovHolcomb,GovHolcomb,https://twitter.com/GovHolcomb,https://cdn.civil.services/us-governors/headshots/512x512/eric-holcomb.jpg
Iowa,iowa,IA,ia,103324,governor,republican,Kimberly Reynolds,kimberly-reynolds,Kimberly,Kay,Reynolds,NA,Kim,KIM RE-neldz,female,white-american,unspecified,NA,1959-08-04,2017-05-24,2023-01-01,"Kimberly Kay Reynold is an American politician serving as the 43rd and current Governor of Iowa since 2017. A Republican, she previously served as the Lieutenant Governor of Iowa from 2011 to 2017 and assumed the governorship when incumbent Governor Terry Branstad became the United States Ambassador to China. Reynolds is the first female Governor of Iowa.",515-281-5211,515-281-6611,41.5912077,-93.6059486,"1007 East Grand Ave., Des Moines, IA 50319",1007,E,Grand,NA,NA,Des Moines,IA,50319,Ave,https://governor.iowa.gov,https://governor.iowa.gov/contact,https://facebook.com/IAGovernor,kimreynoldsia,https://twitter.com/kimreynoldsia,https://cdn.civil.services/us-governors/headshots/512x512/kimberly-reynolds.jpg
Kansas,kansas,KS,ks,34496,governor,democrat,Laura Kelly,laura-kelly,Laura,NA,Kelly,NA,NA,LA-ur-ra KE-lee,female,white-american,unspecified,NA,1950-01-24,2018-01-31,2023-01-01,"Laura Kelly is the Democratic Governor of Kansas. Kelly was elected to the office on November 6, 2018. Kelly is a former Democratic member of the Kansas State Senate, representing District 18 from 2005 to 2018.",785-296-3232,785-296-7973,39.046497,-95.67936,"300 SW 10th Avenue, Suite 212S, Topeka, KS 66612-1590",300,SW,10th,Suite,212S,Topeka,KS,66612,Ave,https://governor.kansas.gov,https://governor.kansas.gov/contact/contact-the-governor/,https://facebook.com/LauraKellyKS,govlaurakelly,https://twitter.com/govlaurakelly,https://cdn.civil.services/us-governors/headshots/512x512/laura-kelly.jpg
Kentucky,kentucky,KY,ky,156112,governor,democrat,Andy Beshear,andy-beshear,Andy,NA,Beshear,NA,NA,an-dee be-shear,male,white-american,protestant,NA,1977-11-29,2019-12-10,2023-01-01,"Beshear was born in Louisville, the son of Steve and Jane Beshear. He grew up in Fayette, Franklin, and Clark counties and graduated from Henry Clay High School in Lexington, Kentucky. Steve Beshear was the Governor of the Commonwealth of Kentucky from 2007 to 2015.",502-564-2611,502-564-2517,38.8958561,-77.0119808,"444 North Capitol Street, Washington, DC 20001",444,N,Capitol,NA,NA,Washington,DC,20001,St,https://governor.ky.gov,https://governor.ky.gov/contact/contact-us,https://facebook.com/govandybeshear,govandybeshear,https://twitter.com/govandybeshear,https://cdn.civil.services/us-governors/headshots/512x512/andy-beshear.jpg
Louisiana,louisiana,LA,la,72012,governor,democrat,John Edwards,john-edwards,John,Bel,Edwards,NA,NA,JOAN ED-werdz,male,white-american,unspecified,NA,1966-09-16,2016-01-11,2023-01-01,"John Bel Edwards (born September 16, 1966) is an American politician and lawyer who is the 56th and current Governor of Louisiana, in office since January 11, 2016. He was previously the Minority Leader of the Louisiana House of Representatives and represented the 72nd District for two terms. He left the state legislature to run for governor in 2015.",623-773-7328,225-342-7099,30.4571189,-91.1896208,"Louisiana State Capitol, Baton Rouge, LA 70802",NA,NA,Louisiana,NA,NA,NA,NA,NA,NA,https://gov.louisiana.gov/,https://gov.louisiana.gov/page/contact,https://facebook.com/LouisianaGov,louisianagov,https://twitter.com/louisianagov,https://cdn.civil.services/us-governors/headshots/512x512/john-edwards.jpg
Maine,maine,ME,me,36856,governor,democrat,Janet Mills,janet-mills,Janet,NA,Mills,NA,NA,JA-net MILZ,female,white-american,unspecified,NA,1947-12-30,2019-01-01,2022-12-31,"Janet T. Mills is the Democratic Governor of Maine. Mills was elected to the office on November 6, 2018. Mills served as Maine attorney general from 2009 to 2010 and again assumed office in 2012.",207-287-3531,207-287-1034,44.3069799,-69.784334,"1 State House Station, Augusta, ME 04333",1,NA,State House,NA,NA,Augusta,ME,04333,Sta,https://www.maine.gov/governor/,https://www.maine.gov/governor/mills/contact,https://facebook.com/millsforgovernor,JanetMillsforME,https://twitter.com/JanetMillsforME,https://cdn.civil.services/us-governors/headshots/512x512/janet-mills.jpg
Maryland,maryland,MD,md,147764,governor,republican,Lawrence Hogan,lawrence-hogan,Lawrence,Joseph,Hogan,Jr.,Larry,LA-ree HOH-gen,male,white-american,unspecified,NA,1956-05-25,2015-01-21,2023-01-01,"Lawrence Joseph Hogan Jr. (born May 25, 1956) is an American politician who currently serves as the 62nd Governor of Maryland, in office since January 2015. He is only the second Republican governor in Maryland in nearly 50 years, and the first Maryland governor from Anne Arundel County to be elected in over 100 years.",410-974-3901,410-974-3275,38.9788597,-76.4932177,"100 State Circle, Annapolis, MD 21401",100,NA,State,NA,NA,Annapolis,MD,21401,Cir,https://governor.maryland.gov/,https://governor.maryland.gov/mail/default.asp,https://facebook.com/larryhoganmd,LarryHogan,https://twitter.com/LarryHogan,https://cdn.civil.services/us-governors/headshots/512x512/lawrence-hogan.jpg
Massachusetts,massachusetts,MA,ma,124824,governor,republican,Charles Baker,charles-baker,Charles,Duane,Baker,Jr.,Charlie,CHARR-lee BAY-ker,male,white-american,protestant,NA,1956-11-13,2015-01-08,2023-01-01,"Charles Duane Baker Jr. (born November 13, 1956), is an American businessman and the 72nd and current Governor of Massachusetts, having been sworn into office on January 8, 2015. He was a cabinet official under two Massachusetts governors, spent ten years as CEO of Harvard Pilgrim Health Care and was also the Republican nominee for governor of Massachusetts in an unsuccessful 2010 bid.",617-725-4005,617-727-9725,42.3587723,-71.0660006,"Massachusetts State House, Office of the Governor, Room 280 Boston, MA 02133",NA,NA,Massachusetts,NA,NA,NA,NA,NA,NA,https://www.mass.gov/governor/,https://www.mass.gov/governor/constituent-services/contact-governor-office/,https://facebook.com/CharlieBakerMA,massgovernor,https://twitter.com/massgovernor,https://cdn.civil.services/us-governors/headshots/512x512/charles-baker.jpg
Michigan,michigan,MI,mi,37868,governor,democrat,Gretchen Whitmer,gretchen-whitmer,Gretchen,NA,Whitmer,NA,NA,GRE-chen WIT-mer,female,white-american,unspecified,NA,1971-08-23,2019-01-01,2022-12-31,"Gretchen Whitmer is the Democratic Governor of Michigan. Whitmer was elected to the office on November 6, 2018. Whitmer is a former Democratic member of the Michigan State Senate, representing District 23 from her win in a 2006 special election to 2015. She served as minority leader for the final four years of her tenure.",517-373-3400,517-335-6863,42.741625,-84.59981,"P.O. Box 30013, Lansing, MI 48909",NA,NA,NA,PO Box,30013,Lansing,MI,48909,NA,https://www.michigan.gov/gov,"https://www.michigan.gov/whitmer/0,9309,7-387-90498_90663---,00.html",https://facebook.com/GretchenWhitmer,gretchenwhitmer,https://twitter.com/gretchenwhitmer,https://cdn.civil.services/us-governors/headshots/512x512/gretchen-whitmer.jpg
Minnesota,minnesota,MN,mn,65443,governor,democrat,Tim Walz,tim-walz,Tim,NA,Walz,NA,NA,TIM WALZ,male,white-american,lutheran,NA,1964-04-06,2019-01-01,2022-12-31,"Tim Walz is the Democratic Governor of Minnesota. Walz was elected to the office on November 6, 2018.",651-201-3400,651-797-1850,44.954546,-93.099553,"130 State Capitol, 75 Rev Dr. Martin Luther King Jr. Blvd. St. Paul, MN 55155",130,NA,State,NA,NA,NA,NA,NA,NA,https://mn.gov/governor/,https://mn.gov/governor/contact/,https://facebook.com/GovTimWalz,GovTimWalz,https://twitter.com/GovTimWalz,https://cdn.civil.services/us-governors/headshots/512x512/tim-walz.jpg
Mississippi,mississippi,MS,ms,40266,governor,republican,Tate Reeves,tate-reeves,Tate,NA,Reeves,NA,NA,tate ree-ves,male,white-american,methodist,NA,1974-06-05,2020-01-14,2024-01-01,"A native of Rankin County, Mississippi, Reeves graduated in 1992 from Florence High School in Florence. He is an honors graduate of Millsaps College in Jackson, where he earned a bachelor's degree in economics.",601-359-3150,601-359-3741,32.305033,-90.1830618,"550 High St., Sillers Building, 19th Floor, Jackson, MS 39201",550,NA,High,NA,NA,NA,NA,NA,St,https://governorreeves.ms.gov,https://governorreeves.ms.gov/,https://facebook.com/tatereeves/,tatereeves,https://twitter.com/tatereeves,https://cdn.civil.services/us-governors/headshots/512x512/tate-reeves.jpg
Missouri,missouri,MO,mo,39119,governor,republican,Michael Parson,michael-parson,Michael,L.,Parson,NA,Mike,MIKE PAR-son,male,white-american,unspecified,NA,1955-09-17,2018-06-01,2023-01-01,"Michael L. Parson (born September 17, 1955) is an American politician and former law enforcement officer currently serving as the 57th Governor of Missouri, having taken office on June 1, 2018 after the resignation of Eric Greitens. Parson previously served as the 47th Lieutenant Governor of Missouri.",573-751-3222,573-526-3291,38.5774764,-92.1758644,"201 West Capitol Avenue, Room 218, Post Office Box 720, Jefferson City, MO 65101",201,W,Capitol,Room,218,NA,NA,NA,Ave,https://governor.mo.gov/,https://governor.mo.gov/get-involved/contact-the-governors-office,https://facebook.com/TeamMikeParson,mikeparson,https://twitter.com/mikeparson,https://cdn.civil.services/us-governors/headshots/512x512/michael-parson.jpg
Montana,montana,MT,mt,168594,governor,republican,Greg Gianforte,greg-gianforte,Greg,NA,Gianforte,NA,NA,greg jee-uhn-for-tei,male,white-american,unspecified,NA,1961-04-17,2021-01-04,2025-01-01,"Gregory Gianforte is an American politician, businessman, engineer, philanthropist, and author serving as the 25th Governor of Montana since 2021. A Republican, Gianforte served as the Representative for Montana's at-large congressional district from 2017 to 2021.",406-444-3111,406-444-5529,46.5855819,-112.0199645,"1301 E 6th Ave, Helena, MT 5960",1301,E,6th,NA,NA,Helena,MT,NA,Ave,https://governor.mt.gov,https://governor.mt.gov/contact,https://facebook.com/GovGianforte,gregformontana,https://twitter.com/gregformontana,https://cdn.civil.services/us-governors/headshots/512x512/greg-gianforte.jpg
Nebraska,nebraska,NE,ne,57777,governor,republican,John Ricketts,john-ricketts,John,Peter,Ricketts,NA,Pete,PEET RI-kits,male,white-american,roman-catholic,NA,1964-08-19,2015-01-08,2023-01-01,"Ricketts was born in Nebraska City, Nebraska, and now lives in Omaha. He attended the University of Chicago for both his bachelor and graduate studies, and received an MBA in marketing and finance from the university's Graduate School of Business.",402-471-2244,402-471-6031,40.800004,-96.672194,"Office of the Governor, Post Office Box 94848, Lincoln, NE 68509-4848",NA,NA,of,Office,NA,NA,NA,NA,NA,https://governor.nebraska.gov/,https://governor.nebraska.gov/contact-form,https://facebook.com/GovernorPeteRicketts,GovRicketts,https://twitter.com/GovRicketts,https://cdn.civil.services/us-governors/headshots/512x512/john-ricketts.jpg
Nevada,nevada,NV,nv,12492,governor,democrat,Steve Sisolak,steve-sisolak,Steve,NA,Sisolak,NA,NA,STEEV SEE-saw-lak,male,white-american,unspecified,NA,1953-12-26,2019-01-01,2023-01-01,"Steve Sisolak is the Democratic Governor of Nevada. Sisolak was elected to the office on November 6, 2018. Sisolak served as the District A representative on the Clark County Commission in Nevada from 2009 to 2019.",775-684-5670,775-684-5683,39.163894,-119.766127,"Capitol Building, 101 N. Carson St., Carson City, NV 89701",NA,NA,Capitol,Building,101,NA,NA,NA,NA,https://gov.nv.gov/,https://gov.nv.gov/Contact/Contact/,https://facebook.com/VoteSteveSisolak,stevesisolak,https://twitter.com/stevesisolak,https://cdn.civil.services/us-governors/headshots/512x512/steve-sisolak.jpg
New Hampshire,new-hampshire,NH,nh,125989,governor,republican,Christopher Sununu,christopher-sununu,Christopher,T.,Sununu,NA,Chris,KRIS SUU-NOO-noo,male,white-american,roman-catholic,NA,1974-11-05,2017-01-05,2023-01-01,"Christopher T. Sununu (born November 5, 1974) is an American politician and businessman who serves as the 82nd and current Governor of New Hampshire, since January 2017. Sununu was previously a member of the New Hampshire Executive Council, an office he held from (2011-2017). At age 42, Sununu is currently the youngest state Governor in the United States.",603-271-2121,603-271-7680,43.2069998,-71.5403939,"107 North Main Street, Concord, NH 03301",107,N,Main,NA,NA,Concord,NH,03301,St,https://www.governor.nh.gov/,https://business.nh.gov/nhgovernor/comments.asp,https://facebook.com/GovernorChrisSununu,GovChrisSununu,https://twitter.com/GovChrisSununu,https://cdn.civil.services/us-governors/headshots/512x512/christopher-sununu.jpg
New Jersey,new-jersey,NJ,nj,176221,governor,democrat,Philip Murphy,philip-murphy,Philip,Dunton,Murphy,NA,Phil,FIL MUR-fee,male,white-american,unspecified,NA,1957-08-16,2018-01-16,2022-01-01,"Philip Dunton Murphy (born August 16, 1957) is an American financier, diplomat, and politician currently serving as the 56th Governor of New Jersey. Murphy, a Democrat, defeated then Lieutenant Governor Kim Guadagno in the 2017 gubernatorial election.",609-292-6000,609-292-3454,40.220707,-74.763027,"Office of the Governor, Post Office Box 001, Trenton, NJ 08625",NA,NA,of,Office,NA,NA,NA,NA,NA,https://www.nj.gov/governor/,https://www.nj.gov/governor/contact/,https://facebook.com/PhilMurphyNJ,philmurphynj,https://twitter.com/philmurphynj,https://cdn.civil.services/us-governors/headshots/512x512/philip-murphy.jpg
New Mexico,new-mexico,NM,nm,102404,governor,democrat,Michelle Lujan Grisham,michelle-lujan-grisham,Michelle,NA,Lujan Grisham,NA,NA,MI-shel LOO-hawn-GRIS-ham,female,white-american,unspecified,NA,1959-10-24,2019-01-01,2022-12-31,"Michelle Lujan Grisham is the Democratic Governor of New Mexico. Grisham was elected to the office on November 6, 2018. Lujan Grisham served in the U.S. House, representing the 1st Congressional District of New Mexico, from 2013 to 2019.",505-476-2200,505-476-2226,35.68291,-105.94205,"State Capitol, Fourth Floor, Santa Fe, NM 87501",NA,NA,State,NA,NA,NA,NA,NA,NA,https://www.governor.state.nm.us/,https://www.governor.state.nm.us/contact/,https://facebook.com/mlujangrisham,michelle4nm,https://twitter.com/michelle4nm,https://cdn.civil.services/us-governors/headshots/512x512/michelle-lujan-grisham.jpg
New York,new-york,NY,ny,45083,governor,democrat,Andrew Cuomo,andrew-cuomo,Andrew,Mark,Cuomo,NA,NA,AN-droo KWOH-moh,male,white-american,roman-catholic,NA,1957-12-06,2011-01-01,2023-01-01,"Andrew Mark Cuomo (born December 6, 1957) is an American politician and attorney who has been the 56th Governor of New York since January 1, 2011. A member of the Democratic Party, he was elected in 2010, holding the same position his father, Mario Cuomo, held for three terms from 1983 to 1995.",518-474-8390,NA,42.6497791,-73.7618584,"Governor, State Capitol Building, Albany, NY 12224",NA,NA,Governor,NA,NA,NA,NA,NA,NA,https://www.governor.ny.gov/,https://www.governor.ny.gov/contact-iframe,https://facebook.com/GovernorAndrewCuomo,nygovcuomo,https://twitter.com/nygovcuomo,https://cdn.civil.services/us-governors/headshots/512x512/andrew-cuomo.jpg
North Carolina,north-carolina,NC,nc,5900,governor,democrat,Roy Cooper,roy-cooper,Roy,Asberry,Cooper,III,NA,ROY KOO-per,male,white-american,presbyterian,NA,1957-06-13,2017-01-01,2023-01-01,"Roy Asberry Cooper III (born June 13, 1957) is an American politician and attorney who is the 75th and current Governor of North Carolina, since January 2017. Prior to his governorship, Cooper had served as the Attorney General of North Carolina from 2001 to 2017 and was previously a member of the North Carolina State Senate.",919-814-2000,919-733-2120,35.8093599,-78.7094088,"20301 Mail Service Center, Raleigh, NC 27699",20301,NA,Mail Service,NA,NA,Raleigh,NC,27699,Ctr,https://governor.nc.gov/,https://governor.nc.gov/contact-governor-cooper,https://facebook.com/NCgovernor,NC_Governor,https://twitter.com/NC_Governor,https://cdn.civil.services/us-governors/headshots/512x512/roy-cooper.jpg
North Dakota,north-dakota,ND,nd,170745,governor,republican,Douglas Burgum,douglas-burgum,Douglas,J.,Burgum,NA,Doug,DOAG BUR-gum,male,white-american,unspecified,NA,1956-08-01,2016-12-15,2023-01-01,"Douglas J. Burgum (born August 1, 1956) is an American entrepreneur, philanthropist and politician serving as the 33rd and current Governor of North Dakota since December 15, 2016. He is a member of the Republican Party.",701-328-2200,701-328-2205,46.8207013,-100.7849455,"600 East Boulevard, Avenue Bismarck, ND 58505",600,NA,East,NA,NA,Avenue Bismarck,ND,58505,Blvd,https://www.governor.nd.gov/,https://www.governor.nd.gov/contact-us,https://facebook.com/GovernorDougBurgum,DougBurgum,https://twitter.com/DougBurgum,https://cdn.civil.services/us-governors/headshots/512x512/douglas-burgum.jpg
Ohio,ohio,OH,oh,21799,governor,republican,Michael DeWine,michael-dewine,Michael,NA,DeWine,NA,Mike,MYK DEE-wyn,male,white-american,roman-catholic,NA,1947-01-05,2019-01-01,2023-01-01,"Richard Michael DeWine is the Republican Governor of Ohio. DeWine was elected to the office on November 6, 2018.",614-466-3555,614-466-9354,39.9606364,-83.0031631,"77 South High Street, 30th Floor, Columbus, OH 43215",77,S,High,NA,NA,NA,NA,NA,St,https://governor.ohio.gov/,https://governor.ohio.gov/Contact/Contact-the-Governor,https://facebook.com/MikeDeWine,mikedewine,https://twitter.com/mikedewine,https://cdn.civil.services/us-governors/headshots/512x512/michael-dewine.jpg
Oklahoma,oklahoma,OK,ok,180027,governor,republican,Kevin Stitt,kevin-stitt,Kevin,NA,Stitt,NA,NA,KE-vin STIT,male,white-american,unspecified,NA,1972-12-28,2019-01-01,2022-12-31,"Kevin Stitt is the Republican Governor of Oklahoma. Stitt was elected to the office on November 6, 2018.",405-521-2342,405-521-3353,35.460835,-97.499706,"Capitol Building, 2300 Lincoln Blvd., Rm. 212, Oklahoma City, OK 73105",NA,NA,Capitol,Building,2300,NA,NA,NA,NA,https://www.gov.ok.gov/,https://www.ok.gov/governor/Contact_the_Governor/index.html,https://facebook.com/StittForGovernor,GovStitt,https://twitter.com/GovStitt,https://cdn.civil.services/us-governors/headshots/512x512/kevin-stitt.jpg
Oregon,oregon,OR,or,2990,governor,democrat,Katherine Brown,katherine-brown,Katherine,NA,Brown,NA,Kate,KAYT BROWN,female,white-american,unspecified,NA,1960-06-21,2015-02-18,2023-01-01,"Katherine Brown (born June 21, 1960) is an American politician who is the 38th and current Governor of Oregon. Brown, a Democrat and an attorney, previously served as Oregon Secretary of State and as majority leader of the Oregon State Senate, where she represented portions of Milwaukie and of Northeast and Southeast Portland.",503-378-4582,503-378-8970,44.9382486,-123.032757,"160 State Capitol, 900 Court Street, Salem, OR 97301-4047",160,NA,State,NA,NA,NA,NA,NA,NA,https://www.oregon.gov/gov/pages/index.aspx,https://www.oregon.gov/gov/Pages/share-your-opinion.aspx,https://facebook.com/oregongovernor,OregonGovBrown,https://twitter.com/OregonGovBrown,https://cdn.civil.services/us-governors/headshots/512x512/katherine-brown.jpg
Pennsylvania,pennsylvania,PA,pa,77203,governor,democrat,Thomas Wolf,thomas-wolf,Thomas,Westerman,Wolf,NA,Tom,TAWM WAWLF,male,white-american,unspecified,NA,1948-11-17,2015-01-20,2023-01-01,"Thomas Westerman Wolf (born November 17, 1948) is an American businessman and politician who is the 47th and current Governor of Pennsylvania, since taking office on January 20, 2015. A Democrat, he defeated Republican incumbent Tom Corbett in the 2014 gubernatorial election. Previously, Wolf served as the Secretary of the Pennsylvania Department of Revenue from April 2007 until November 2008 and as an executive in his family-owned business.",717-787-2500,717-772-8284,40.2645516,-76.8860975,"508 Main Capitol Building, Harrisburg, PA 17120",508,NA,Main Capitol,Building,Harrisbur,g,PA,17120,NA,https://www.governor.pa.gov/,https://www.governor.pa.gov/contact/,https://facebook.com/governorwolf,governortomwolf,https://twitter.com/governortomwolf,https://cdn.civil.services/us-governors/headshots/512x512/thomas-wolf.jpg
Rhode Island,rhode-island,RI,ri,80328,governor,democrat,Daniel McKee,daniel-mckee,Daniel,NA,McKee,NA,Dan,da-nee-el mc-kee,male,white-american,unspecified,NA,1951-06-16,2021-03-02,2023-01-01,"McKee served six terms as mayor of Cumberland prior to his election to statewide office. In addition to his time in public service, McKee was a small business owner and operator for 30 years.",401-222-2371,NA,41.83089,-71.4172107,"82 Smith Street, Room 116, Providence, RI 02903",82,NA,Smith,Room,116,Providence,RI,02903,St,http://www.ltgov.ri.gov/,http://www.ltgov.ri.gov/contact/,https://facebook.com/LGDanMcKee,LGDanMcKee,https://twitter.com/LGDanMcKee,https://cdn.civil.services/us-governors/headshots/512x512/daniel-mckee.jpg
South Carolina,south-carolina,SC,sc,48189,governor,republican,Henry McMaster,henry-mcmaster,Henry,Dargan,McMaster,NA,NA,HEN-ree MUHK-MAS-ter,male,white-american,presbyterian,NA,1947-05-27,2017-01-24,2023-01-01,"Henry Dargan McMaster (born May 27, 1947) is an American politician and attorney who is the 117th and current Governor of South Carolina. He assumed office on January 24, 2017. He previously served as the 91st Lieutenant Governor of South Carolina from 2015 to 2017, as well as Attorney General of South Carolina from 2003 to 2011.",803-734-2100,803-734-5167,34.0004102,-81.0350236,"The Honorable Henry McMaster, Office of the Governor, 1100 Gervais Street, Columbia, SC 29201",NA,NA,The,NA,NA,NA,NA,NA,NA,https://governor.sc.gov/Pages/default.aspx,https://governor.sc.gov/Contact/Pages/default.aspx,https://facebook.com/HenryMcMaster,henrymcmaster,https://twitter.com/henrymcmaster,https://cdn.civil.services/us-governors/headshots/512x512/henry-mcmaster.jpg
South Dakota,south-dakota,SD,sd,58189,governor,republican,Kristi Noem,kristi-noem,Kristi,NA,Noem,NA,NA,KRIS-tee NAH-em,female,white-american,unspecified,NA,1971-11-30,2019-01-01,2023-01-01,"Kristi L. Noem is the Republican Governor of South Dakota. Noem was elected to the office on November 6, 2018. Noem is a former Republican member of the U.S. House of Representatives from the state of South Dakota. She represented South Dakota's At-Large Congressional District from 2011 to 2019.",605-773-3212,605-773-4711,44.367121,-100.346159,"500 East Capitol Avenue, Piere, SD 57501",500,E,Capitol,NA,NA,Piere,SD,57501,Ave,https://sd.gov/governor/,https://sd.gov/governor/contact/default.aspx,https://facebook.com/kristiforgovernor,kristinoem,https://twitter.com/kristinoem,https://cdn.civil.services/us-governors/headshots/512x512/kristi-noem.jpg
Tennessee,tennessee,TN,tn,180465,governor,republican,Bill Lee,bill-lee,Bill,NA,Lee,NA,NA,BIL LEE,male,white-american,christian,NA,1959-10-09,2019-01-01,2023-01-01,"Bill Lee is the Republican Governor of Tennessee. Lee was elected to the office on November 6, 2018.",615-741-2001,615-532-9711,36.165832,-86.78423,"Tennessee State Capitol, Nashville, TN 37243-0001",NA,NA,Tennessee,NA,NA,NA,NA,NA,NA,https://www.tn.gov/governor,https://www.tn.gov/governor/contact-us.html,https://facebook.com/BillLeeTN,billleetn,https://twitter.com/billleetn,https://cdn.civil.services/us-governors/headshots/512x512/bill-lee.jpg
Texas,texas,TX,tx,50168,governor,republican,Gregory Abbott,gregory-abbott,Gregory,Wayne,Abbott,NA,Greg,GREG A-buht,male,white-american,roman-catholic,NA,1957-11-13,2015-01-20,2023-01-01,"Gregory Wayne Abbott (born November 13, 1957) is an American lawyer and politician who currently serves as the 48th Governor of Texas since January 2015. During the Governorship of his predecessor, Rick Perry, Abbott was the 50th Attorney General of Texas and is a Republican.",512-463-2000,512-463-5571,30.2727169,-97.7410268,"Office of the Governor, Post Office Box 12428, Austin, TX 78711-2428",NA,NA,of,Office,NA,NA,NA,NA,NA,https://gov.texas.gov/,https://gov.texas.gov/contact/,https://facebook.com/TexasGovernor,GregAbbott_TX,https://twitter.com/GregAbbott_TX,https://cdn.civil.services/us-governors/headshots/512x512/gregory-abbott.jpg
Utah,utah,UT,ut,114270,governor,republican,Spencer Cox,spencer-cox,Spencer,NA,Cox,NA,NA,spen-cer kawks,male,white-american,unspecified,NA,1975-07-11,2021-01-04,2025-01-01,"Cox was raised and lives in Fairview, Utah. He was elected to the city council in 2004 and mayorship the next year. After overseeing rural economic development in Fairview, Cox was elected as a county commissioner for Sanpete County in 2008. He was elected to the Utah House of Representatives in 2012.",801-538-1041,801-538-1133,40.7774298,-111.8885905,"350 State St #200, Salt Lake City, UT 84114",350,NA,State,#,200,Salt Lake City,UT,84114,St,https://governor.utah.gov,https://governor.utah.gov/contact/,https://facebook.com/utgovernorcox,GovCox,https://twitter.com/GovCox,https://cdn.civil.services/us-governors/headshots/512x512/spencer-cox.jpg
Vermont,vermont,VT,vt,55934,governor,republican,Philip Scott,philip-scott,Philip,NA,Scott,NA,Phil,FIL SKAHT,male,white-american,unspecified,NA,1958-08-04,2017-01-05,2023-01-01,"Philip Scott (born August 4, 1958) is an American politician and businessman serving as the 82nd and current Governor of the state of Vermont, since January 2017. A Republican, he won the 2016 general election with over 52% of the vote. He was previously the 80th Lieutenant Governor of Vermont, an office he held from 2011 to 2017.",802-828-3333,802-828-3339,44.2612298,-72.5817197,"109 State Street, Pavilion Montpelier, VT 05609",109,NA,State,NA,NA,Pavilion Montpelier,VT,05609,St,https://governor.vermont.gov/,https://governor.vermont.gov/contact-us/message,https://facebook.com/GovPhilScott,GovPhilScott,https://twitter.com/GovPhilScott,https://cdn.civil.services/us-governors/headshots/512x512/philip-scott.jpg
Virginia,virginia,VA,va,90253,governor,democrat,Ralph Northam,ralph-northam,Ralph,Shearer,Northam,NA,NA,RALF NORTH-am,male,white-american,unspecified,NA,1959-09-13,2018-01-13,2022-01-01,"Ralph Shearer Northam (born September 13, 1959) is an American physician, veteran and politician serving as the 73rd Governor of Virginia since January 13, 2018. He served as the 40th Lieutenant Governor of Virginia from 2014 to 2018 prior to winning the governorship against Republican nominee Ed Gillespie in 2017.",804-786-2211,804-371-6351,37.6284448,-77.5469394,"Post Office Box 1475, Richmond, VA 23218",NA,NA,NA,Post Office Box,1475,Richmond,VA,23218,NA,https://governor.virginia.gov/,https://governor.virginia.gov/constituent-services/communicating-with-the-governors-office/,https://facebook.com/ralph.northam,ralphnortham,https://twitter.com/ralphnortham,https://cdn.civil.services/us-governors/headshots/512x512/ralph-northam.jpg
Washington,washington,WA,wa,27125,governor,democrat,Jay Inslee,jay-inslee,Jay,Robert,Inslee,NA,NA,JAY INZ-lee,male,white-american,protestant,NA,1951-02-09,2013-01-16,2023-01-01,"Jay Robert Inslee (born February 9, 1951) is an American politician, attorney and member of the Democratic Party who has served as the 23rd Governor of Washington since January 2013.",360-902-4111,360-753-4110,47.0400036,-122.892194,"Office of the Governor, Post Office Box 40002, Olympia, WA 98504-0002",NA,NA,of,Office,NA,NA,NA,NA,NA,https://www.governor.wa.gov/,https://www.governor.wa.gov/contact/contact/send-gov-inslee-e-message,https://facebook.com/WaStateGov,jayinslee,https://twitter.com/jayinslee,https://cdn.civil.services/us-governors/headshots/512x512/jay-inslee.jpg
West Virginia,west-virginia,WV,wv,166287,governor,democrat,James Justice,james-justice,James,Conley,Justice,Jr.,Jim,JIM JUS-tis,male,white-american,unspecified,NA,1951-04-27,2017-01-16,2023-01-01,"James Conley Justice Jr. (born April 27, 1951) is an American coal mining and agriculture businessman and politician who is the 36th and current Governor of West Virginia since January 2017. Owner of over 50 companies, including The Greenbrier, a luxury resort, Justice is one of the few billionaires from the state of West Virginia. A Democrat, Justice ran for Governor in the 2016 general election as the Democratic nominee, defeating the Republican nominee, Bill Cole.",304-558-2000,NA,38.3372072,-81.6145768,"State Capitol, 1900 Kanawha Blvd. E, Charleston, WV 25305",NA,NA,State,NA,NA,NA,NA,NA,NA,https://www.governor.wv.gov/Pages/default.aspx,https://www.governor.wv.gov/Pages/SubmitaCommenttotheGovernor.aspx,https://facebook.com/WVGovernor,WVGovernor,https://twitter.com/WVGovernor,https://cdn.civil.services/us-governors/headshots/512x512/james-justice.jpg
Wisconsin,wisconsin,WI,wi,112861,governor,democrat,Tony Evers,tony-evers,Tony,NA,Evers,NA,NA,TOH-nee E-verz,male,white-american,unspecified,NA,1951-11-05,2019-01-01,2022-12-31,"Tony Evers is the Democratic Governor of Wisconsin. Evers was elected to the office on November 6, 2018.",608-266-1212,608-267-8983,43.0747036,-89.385863,"115 East State Capitol, Madison, Wi 53707",115,E,State Capitol,NA,NA,Madison,Wi,53707,NA,https://www.wisgov.state.wi.us/,https://evers.wi.gov/Pages/connect.aspx,https://facebook.com/Tony4WI,tony4wi,https://twitter.com/tony4wi,https://cdn.civil.services/us-governors/headshots/512x512/tony-evers.jpg
Wyoming,wyoming,WY,wy,106056,governor,republican,Mark Gordon,mark-gordon,Mark,NA,Gordon,NA,NA,MARK GOR-den,male,white-american,unspecified,NA,1957-03-14,2019-01-01,2022-12-31,"Mark Gordon is the Republican Governor of Wyoming. Gordon was elected to the office on November 6, 2018.",307-777-7434,307-632-3909,41.1402682,-104.8202289,"200 W 24th St, Cheyenne, WY 82001",200,W,24th,NA,NA,Cheyenne,WY,82001,St,https://governor.wy.gov/,https://governor.wyo.gov/contact,https://facebook.com/markgordon4wyoming,mark_gordon_wy,https://twitter.com/mark_gordon_wy,https://cdn.civil.services/us-governors/headshots/512x512/mark-gordon.jpg
